2025-09-16 17:29:14,007 - __main__ - INFO - 並列学習を開始します...
2025-09-16 17:29:14,007 - __main__ - INFO - 設定ファイル: config/training_config.yaml
2025-09-16 17:29:14,007 - __main__ - INFO - 出力ディレクトリ: data/experiments/parallel_training
2025-09-16 17:29:15,216 - __main__ - ERROR - 並列学習中にエラーが発生しました: 'ParallelTrainer' object has no attribute 'device'
2025-09-16 17:29:45,487 - __main__ - INFO - 並列学習を開始します...
2025-09-16 17:29:45,487 - __main__ - INFO - 設定ファイル: config/training_config.yaml
2025-09-16 17:29:45,487 - __main__ - INFO - 出力ディレクトリ: data/experiments/parallel_training
2025-09-16 17:29:46,702 - __main__ - ERROR - 並列学習中にエラーが発生しました: BittleWalkingEnv.__init__() got an unexpected keyword argument 'env_config_path'
2025-09-16 17:30:08,231 - __main__ - INFO - 並列学習を開始します...
2025-09-16 17:30:08,231 - __main__ - INFO - 設定ファイル: config/training_config.yaml
2025-09-16 17:30:08,231 - __main__ - INFO - 出力ディレクトリ: data/experiments/parallel_training
2025-09-16 17:30:11,119 - __main__ - ERROR - 並列学習中にエラーが発生しました: too many values to unpack (expected 2)
2025-09-16 17:33:33,866 - __main__ - INFO - 並列学習を開始します...
2025-09-16 17:33:33,866 - __main__ - INFO - 設定ファイル: config/training_config.yaml
2025-09-16 17:33:33,866 - __main__ - INFO - 出力ディレクトリ: data/experiments/parallel_training
2025-09-16 17:33:37,988 - __main__ - ERROR - 並列学習中にエラーが発生しました: 'GPUParallelBittleEnv' object has no attribute 'device'
2025-09-16 17:36:13,408 - __main__ - INFO - 並列学習を開始します...
2025-09-16 17:36:13,408 - __main__ - INFO - 設定ファイル: config/training_config.yaml
2025-09-16 17:36:13,408 - __main__ - INFO - 出力ディレクトリ: data/experiments/parallel_training
2025-09-16 17:36:17,481 - __main__ - ERROR - 並列学習中にエラーが発生しました: 'hyperparameters'
2025-09-16 17:39:50,757 - __main__ - INFO - 並列学習を開始します...
2025-09-16 17:39:50,757 - __main__ - INFO - 設定ファイル: config/training_config.yaml
2025-09-16 17:39:50,757 - __main__ - INFO - 出力ディレクトリ: data/experiments/parallel_training
2025-09-16 17:39:54,908 - __main__ - ERROR - 並列学習中にエラーが発生しました: 'ParallelTrainer' object has no attribute 'obs_dim'
2025-09-16 17:40:30,842 - __main__ - INFO - 並列学習を開始します...
2025-09-16 17:40:30,842 - __main__ - INFO - 設定ファイル: config/training_config.yaml
2025-09-16 17:40:30,842 - __main__ - INFO - 出力ディレクトリ: data/experiments/parallel_training
2025-09-16 17:40:34,910 - __main__ - ERROR - 並列学習中にエラーが発生しました: 'hyperparameters'
2025-09-16 17:42:43,902 - __main__ - INFO - 並列学習を開始します...
2025-09-16 17:42:43,902 - __main__ - INFO - 設定ファイル: config/training_config.yaml
2025-09-16 17:42:43,902 - __main__ - INFO - 出力ディレクトリ: data/experiments/parallel_training
2025-09-16 17:42:48,045 - src.training.trainer - INFO - 並列トレーナーを初期化しました（環境数: 8）
2025-09-16 17:42:48,045 - __main__ - ERROR - 並列学習中にエラーが発生しました: 'hyperparameters'
2025-09-16 17:43:17,292 - __main__ - INFO - 並列学習を開始します...
2025-09-16 17:43:17,293 - __main__ - INFO - 設定ファイル: config/training_config.yaml
2025-09-16 17:43:17,293 - __main__ - INFO - 出力ディレクトリ: data/experiments/parallel_training
2025-09-16 17:43:21,416 - src.training.trainer - INFO - 並列トレーナーを初期化しました（環境数: 8）
2025-09-16 17:43:21,416 - __main__ - INFO - 並列環境数: 1
2025-09-16 17:43:21,416 - __main__ - INFO - バッチサイズ: 8
2025-09-16 17:43:21,416 - __main__ - INFO - 総タイムステップ数: 50
2025-09-16 17:43:21,416 - src.training.trainer - INFO - 並列学習を開始します...
2025-09-16 17:43:22,895 - __main__ - ERROR - 並列学習中にエラーが発生しました: can't convert cuda:0 device type tensor to numpy. Use Tensor.cpu() to copy the tensor to host memory first.
2025-09-16 17:44:03,786 - __main__ - INFO - 並列学習を開始します...
2025-09-16 17:44:03,786 - __main__ - INFO - 設定ファイル: config/training_config.yaml
2025-09-16 17:44:03,786 - __main__ - INFO - 出力ディレクトリ: data/experiments/parallel_training
2025-09-16 17:44:07,965 - src.training.trainer - INFO - 並列トレーナーを初期化しました（環境数: 8）
2025-09-16 17:44:07,966 - __main__ - INFO - 並列環境数: 1
2025-09-16 17:44:07,966 - __main__ - INFO - バッチサイズ: 8
2025-09-16 17:44:07,966 - __main__ - INFO - 総タイムステップ数: 50
2025-09-16 17:44:07,966 - src.training.trainer - INFO - 並列学習を開始します...
2025-09-16 17:44:09,442 - __main__ - ERROR - 並列学習中にエラーが発生しました: expand(torch.cuda.FloatTensor{[8, 1]}, size=[8]): the number of sizes provided (1) must be greater or equal to the number of dimensions in the tensor (2)
2025-09-16 17:44:49,576 - __main__ - INFO - 並列学習を開始します...
2025-09-16 17:44:49,576 - __main__ - INFO - 設定ファイル: config/training_config.yaml
2025-09-16 17:44:49,576 - __main__ - INFO - 出力ディレクトリ: data/experiments/parallel_training
2025-09-16 17:44:53,715 - src.training.trainer - INFO - 並列トレーナーを初期化しました（環境数: 8）
2025-09-16 17:44:53,715 - __main__ - INFO - 並列環境数: 1
2025-09-16 17:44:53,715 - __main__ - INFO - バッチサイズ: 8
2025-09-16 17:44:53,715 - __main__ - INFO - 総タイムステップ数: 50
2025-09-16 17:44:53,715 - src.training.trainer - INFO - 並列学習を開始します...
2025-09-16 17:50:00,437 - __main__ - INFO - 並列学習を開始します...
2025-09-16 17:50:00,437 - __main__ - INFO - 設定ファイル: config/training_config.yaml
2025-09-16 17:50:00,437 - __main__ - INFO - 出力ディレクトリ: data/experiments/parallel_training
2025-09-16 17:50:04,531 - src.training.trainer - INFO - 並列トレーナーを初期化しました（環境数: 8）
2025-09-16 17:50:04,531 - src.training.trainer - INFO - TensorBoardログディレクトリ: data/experiments/parallel_training/bittle_walking_1758012600/tensorboard
2025-09-16 17:50:04,531 - __main__ - INFO - 並列環境数: 1
2025-09-16 17:50:04,531 - __main__ - INFO - バッチサイズ: 8
2025-09-16 17:50:04,531 - __main__ - INFO - 総タイムステップ数: 100
2025-09-16 17:50:04,531 - src.training.trainer - INFO - 並列学習を開始します...
2025-09-16 17:56:53,316 - __main__ - INFO - 並列学習を開始します...
2025-09-16 17:56:53,316 - __main__ - INFO - 設定ファイル: config/training_config.yaml
2025-09-16 17:56:53,316 - __main__ - INFO - 出力ディレクトリ: data/experiments/parallel_training
2025-09-16 17:56:57,514 - src.training.trainer - INFO - 並列トレーナーを初期化しました（環境数: 8）
2025-09-16 17:56:57,514 - src.training.trainer - INFO - TensorBoardログディレクトリ: data/experiments/parallel_training/bittle_walking_1758013013/tensorboard
2025-09-16 17:56:57,514 - __main__ - INFO - 並列環境数: 2
2025-09-16 17:56:57,514 - __main__ - INFO - バッチサイズ: 16
2025-09-16 17:56:57,514 - __main__ - INFO - 総タイムステップ数: 1000
2025-09-16 17:56:57,514 - src.training.trainer - INFO - 並列学習を開始します...
2025-09-16 18:54:29,462 - __main__ - INFO - 並列学習を開始します...
2025-09-16 18:54:29,462 - __main__ - INFO - 設定ファイル: config/training_config.yaml
2025-09-16 18:54:29,462 - __main__ - INFO - 出力ディレクトリ: data/experiments/parallel_training
2025-09-16 18:54:33,657 - src.training.trainer - INFO - 並列トレーナーを初期化しました（環境数: 8）
2025-09-16 18:54:33,657 - src.training.trainer - INFO - TensorBoardログディレクトリ: data/experiments/parallel_training/bittle_walking_1758016469/tensorboard
2025-09-16 18:54:33,657 - __main__ - INFO - 並列環境数: 4
2025-09-16 18:54:33,658 - __main__ - INFO - バッチサイズ: 128
2025-09-16 18:54:33,658 - __main__ - INFO - 総タイムステップ数: 10000
2025-09-16 18:54:33,658 - src.training.trainer - INFO - 並列学習を開始します...
2025-09-16 19:02:07,981 - __main__ - INFO - 並列学習を開始します...
2025-09-16 19:02:07,981 - __main__ - INFO - 設定ファイル: config/training_config.yaml
2025-09-16 19:02:07,981 - __main__ - INFO - 出力ディレクトリ: data/experiments/parallel_training
2025-09-16 19:02:12,058 - src.training.trainer - INFO - 並列トレーナーを初期化しました（環境数: 8）
2025-09-16 19:02:12,058 - src.training.trainer - INFO - TensorBoardログディレクトリ: data/experiments/parallel_training/bittle_walking_1758016927/tensorboard
2025-09-16 19:02:12,058 - __main__ - INFO - 並列環境数: 2
2025-09-16 19:02:12,058 - __main__ - INFO - バッチサイズ: 64
2025-09-16 19:02:12,058 - __main__ - INFO - 総タイムステップ数: 5000
2025-09-16 19:02:12,058 - src.training.trainer - INFO - 並列学習を開始します...
2025-09-16 19:05:59,702 - __main__ - INFO - 並列学習を開始します...
2025-09-16 19:05:59,703 - __main__ - INFO - 設定ファイル: config/training_config.yaml
2025-09-16 19:05:59,703 - __main__ - INFO - 出力ディレクトリ: data/experiments/parallel_training
2025-09-16 19:06:03,805 - src.training.trainer - INFO - 並列トレーナーを初期化しました（環境数: 8）
2025-09-16 19:06:03,805 - src.training.trainer - INFO - TensorBoardログディレクトリ: data/experiments/parallel_training/bittle_walking_1758017159/tensorboard
2025-09-16 19:06:03,805 - __main__ - INFO - 並列環境数: 2
2025-09-16 19:06:03,805 - __main__ - INFO - バッチサイズ: 32
2025-09-16 19:06:03,805 - __main__ - INFO - 総タイムステップ数: 1000
2025-09-16 19:06:03,805 - src.training.trainer - INFO - 並列学習を開始します...
2025-09-16 19:18:00,277 - __main__ - INFO - 並列学習を開始します...
2025-09-16 19:18:00,277 - __main__ - INFO - 設定ファイル: config/training_config.yaml
2025-09-16 19:18:00,277 - __main__ - INFO - 出力ディレクトリ: data/experiments/parallel_training
2025-09-16 19:18:04,462 - src.training.trainer - INFO - 並列トレーナーを初期化しました（環境数: 8）
2025-09-16 19:18:04,462 - src.training.trainer - INFO - TensorBoardログディレクトリ: data/experiments/parallel_training/bittle_walking_1758017880/tensorboard
2025-09-16 19:18:04,462 - __main__ - INFO - 並列環境数: 8
2025-09-16 19:18:04,462 - __main__ - INFO - バッチサイズ: 256
2025-09-16 19:18:04,462 - __main__ - INFO - 総タイムステップ数: 20000
2025-09-16 19:18:04,462 - src.training.trainer - INFO - 並列学習を開始します...
2025-09-17 11:55:24,105 - __main__ - INFO - 並列学習を開始します...
2025-09-17 11:55:24,105 - __main__ - INFO - 設定ファイル: config/training_config_test.yaml
2025-09-17 11:55:24,105 - __main__ - INFO - 出力ディレクトリ: data/experiments/test_training_20250917_115523
2025-09-17 11:55:26,623 - src.training.trainer - INFO - 並列トレーナーを初期化しました（環境数: 4）
2025-09-17 11:55:26,623 - src.training.trainer - INFO - TensorBoardログディレクトリ: data/experiments/test_training_20250917_115523/bittle_walking_1758077724/tensorboard
2025-09-17 11:55:26,623 - src.training.trainer - INFO - TensorBoard起動コマンド: tensorboard --logdir=data/experiments/test_training_20250917_115523/bittle_walking_1758077724/tensorboard
2025-09-17 11:55:26,623 - __main__ - INFO - 並列環境数: 4
2025-09-17 11:55:26,623 - __main__ - INFO - バッチサイズ: 128
2025-09-17 11:55:26,623 - __main__ - INFO - 総タイムステップ数: 10000
2025-09-17 11:55:26,623 - src.training.trainer - INFO - 並列学習を開始します...
2025-09-17 11:59:30,650 - __main__ - INFO - 並列学習を開始します...
2025-09-17 11:59:30,650 - __main__ - INFO - 設定ファイル: config/training_config_test.yaml
2025-09-17 11:59:30,650 - __main__ - INFO - 出力ディレクトリ: data/experiments/test_training_20250917_115929
2025-09-17 11:59:33,171 - src.training.trainer - INFO - 並列トレーナーを初期化しました（環境数: 4）
2025-09-17 11:59:33,171 - src.training.trainer - INFO - TensorBoardログディレクトリ: data/experiments/test_training_20250917_115929/bittle_walking_1758077970/tensorboard
2025-09-17 11:59:33,171 - src.training.trainer - INFO - TensorBoard起動コマンド: tensorboard --logdir=data/experiments/test_training_20250917_115929/bittle_walking_1758077970/tensorboard
2025-09-17 11:59:33,171 - __main__ - INFO - 並列環境数: 4
2025-09-17 11:59:33,171 - __main__ - INFO - バッチサイズ: 128
2025-09-17 11:59:33,171 - __main__ - INFO - 総タイムステップ数: 10000
2025-09-17 11:59:33,171 - src.training.trainer - INFO - 並列学習を開始します...
2025-09-17 12:03:47,506 - __main__ - INFO - 並列学習を開始します...
2025-09-17 12:03:47,506 - __main__ - INFO - 設定ファイル: config/training_config_test.yaml
2025-09-17 12:03:47,506 - __main__ - INFO - 出力ディレクトリ: data/experiments/test_training_fixed_20250917_120346
2025-09-17 12:03:50,068 - src.training.trainer - INFO - 並列トレーナーを初期化しました（環境数: 4）
2025-09-17 12:03:50,068 - src.training.trainer - INFO - TensorBoardログディレクトリ: data/experiments/test_training_fixed_20250917_120346/bittle_walking_1758078227/tensorboard
2025-09-17 12:03:50,068 - src.training.trainer - INFO - TensorBoard起動コマンド: tensorboard --logdir=data/experiments/test_training_fixed_20250917_120346/bittle_walking_1758078227/tensorboard
2025-09-17 12:03:50,068 - __main__ - INFO - 並列環境数: 4
2025-09-17 12:03:50,068 - __main__ - INFO - バッチサイズ: 128
2025-09-17 12:03:50,068 - __main__ - INFO - 総タイムステップ数: 10000
2025-09-17 12:03:50,068 - src.training.trainer - INFO - 並列学習を開始します...
2025-09-17 12:03:51,670 - __main__ - ERROR - 並列学習中にエラーが発生しました: 'gamma'
2025-09-17 12:04:13,291 - __main__ - INFO - 並列学習を開始します...
2025-09-17 12:04:13,291 - __main__ - INFO - 設定ファイル: config/training_config_test.yaml
2025-09-17 12:04:13,291 - __main__ - INFO - 出力ディレクトリ: data/experiments/test_training_fixed_20250917_120412
2025-09-17 12:04:15,812 - src.training.trainer - INFO - 並列トレーナーを初期化しました（環境数: 4）
2025-09-17 12:04:15,812 - src.training.trainer - INFO - TensorBoardログディレクトリ: data/experiments/test_training_fixed_20250917_120412/bittle_walking_1758078253/tensorboard
2025-09-17 12:04:15,812 - src.training.trainer - INFO - TensorBoard起動コマンド: tensorboard --logdir=data/experiments/test_training_fixed_20250917_120412/bittle_walking_1758078253/tensorboard
2025-09-17 12:04:15,812 - __main__ - INFO - 並列環境数: 4
2025-09-17 12:04:15,812 - __main__ - INFO - バッチサイズ: 128
2025-09-17 12:04:15,812 - __main__ - INFO - 総タイムステップ数: 10000
2025-09-17 12:04:15,812 - src.training.trainer - INFO - 並列学習を開始します...
2025-09-17 12:04:17,435 - __main__ - ERROR - 並列学習中にエラーが発生しました: 'gamma'
2025-09-17 12:04:24,290 - __main__ - INFO - 並列学習を開始します...
2025-09-17 12:04:24,290 - __main__ - INFO - 設定ファイル: config/training_config_test.yaml
2025-09-17 12:04:24,290 - __main__ - INFO - 出力ディレクトリ: data/experiments/test_training_fixed_20250917_120423
2025-09-17 12:04:26,764 - src.training.trainer - INFO - 並列トレーナーを初期化しました（環境数: 4）
2025-09-17 12:04:26,764 - src.training.trainer - INFO - TensorBoardログディレクトリ: data/experiments/test_training_fixed_20250917_120423/bittle_walking_1758078264/tensorboard
2025-09-17 12:04:26,764 - src.training.trainer - INFO - TensorBoard起動コマンド: tensorboard --logdir=data/experiments/test_training_fixed_20250917_120423/bittle_walking_1758078264/tensorboard
2025-09-17 12:04:26,764 - __main__ - INFO - 並列環境数: 4
2025-09-17 12:04:26,764 - __main__ - INFO - バッチサイズ: 128
2025-09-17 12:04:26,764 - __main__ - INFO - 総タイムステップ数: 10000
2025-09-17 12:04:26,764 - src.training.trainer - INFO - 並列学習を開始します...
2025-09-17 12:04:28,408 - __main__ - ERROR - 並列学習中にエラーが発生しました: 'gamma'
2025-09-17 12:04:41,881 - __main__ - INFO - 並列学習を開始します...
2025-09-17 12:04:41,881 - __main__ - INFO - 設定ファイル: config/training_config_test.yaml
2025-09-17 12:04:41,881 - __main__ - INFO - 出力ディレクトリ: data/experiments/test_training_fixed_20250917_120441
2025-09-17 12:04:44,359 - src.training.trainer - INFO - 並列トレーナーを初期化しました（環境数: 4）
2025-09-17 12:04:44,359 - src.training.trainer - INFO - TensorBoardログディレクトリ: data/experiments/test_training_fixed_20250917_120441/bittle_walking_1758078281/tensorboard
2025-09-17 12:04:44,359 - src.training.trainer - INFO - TensorBoard起動コマンド: tensorboard --logdir=data/experiments/test_training_fixed_20250917_120441/bittle_walking_1758078281/tensorboard
2025-09-17 12:04:44,359 - __main__ - INFO - 並列環境数: 4
2025-09-17 12:04:44,359 - __main__ - INFO - バッチサイズ: 128
2025-09-17 12:04:44,359 - __main__ - INFO - 総タイムステップ数: 10000
2025-09-17 12:04:44,359 - src.training.trainer - INFO - 並列学習を開始します...
2025-09-17 12:04:45,969 - __main__ - ERROR - 並列学習中にエラーが発生しました: 'gamma'
2025-09-17 12:16:57,296 - __main__ - INFO - 並列学習を開始します...
2025-09-17 12:16:57,296 - __main__ - INFO - 設定ファイル: config/training_config_test.yaml
2025-09-17 12:16:57,296 - __main__ - INFO - 出力ディレクトリ: data/experiments/test_training_new_20250917_121656
2025-09-17 12:16:59,856 - src.training.trainer - INFO - 並列トレーナーを初期化しました（環境数: 4）
2025-09-17 12:16:59,857 - src.training.trainer - INFO - TensorBoardログディレクトリ: data/experiments/test_training_new_20250917_121656/bittle_walking_1758079017/tensorboard
2025-09-17 12:16:59,857 - src.training.trainer - INFO - TensorBoard起動コマンド: tensorboard --logdir=data/experiments/test_training_new_20250917_121656/bittle_walking_1758079017/tensorboard
2025-09-17 12:16:59,857 - __main__ - INFO - 並列環境数: 4
2025-09-17 12:16:59,857 - __main__ - INFO - バッチサイズ: 128
2025-09-17 12:16:59,857 - __main__ - INFO - 総タイムステップ数: 10000
2025-09-17 12:16:59,857 - src.training.trainer - INFO - 並列学習を開始します...
2025-09-17 12:17:01,505 - __main__ - ERROR - 並列学習中にエラーが発生しました: 'gamma'
2025-09-17 12:26:22,324 - __main__ - INFO - 並列学習を開始します...
2025-09-17 12:26:22,324 - __main__ - INFO - 設定ファイル: config/training_config_test.yaml
2025-09-17 12:26:22,324 - __main__ - INFO - 出力ディレクトリ: data/experiments/debug_test_20250917_122621
2025-09-17 12:26:24,916 - src.training.trainer - INFO - 並列トレーナーを初期化しました（環境数: 4）
2025-09-17 12:26:24,916 - src.training.trainer - INFO - TensorBoardログディレクトリ: data/experiments/debug_test_20250917_122621/bittle_walking_1758079582/tensorboard
2025-09-17 12:26:24,916 - src.training.trainer - INFO - TensorBoard起動コマンド: tensorboard --logdir=data/experiments/debug_test_20250917_122621/bittle_walking_1758079582/tensorboard
2025-09-17 12:26:24,916 - __main__ - INFO - 並列環境数: 4
2025-09-17 12:26:24,916 - __main__ - INFO - バッチサイズ: 128
2025-09-17 12:26:24,916 - __main__ - INFO - 総タイムステップ数: 10000
2025-09-17 12:26:24,916 - src.training.trainer - INFO - 並列学習を開始します...
2025-09-17 12:26:26,534 - __main__ - ERROR - 並列学習中にエラーが発生しました: 'gamma'
2025-09-17 12:27:09,481 - __main__ - INFO - 並列学習を開始します...
2025-09-17 12:27:09,481 - __main__ - INFO - 設定ファイル: config/training_config_debug.yaml
2025-09-17 12:27:09,481 - __main__ - INFO - 出力ディレクトリ: data/experiments/debug_single_env_20250917_122708
2025-09-17 12:27:10,911 - src.training.trainer - INFO - 並列トレーナーを初期化しました（環境数: 1）
2025-09-17 12:27:10,911 - src.training.trainer - INFO - TensorBoardログディレクトリ: data/experiments/debug_single_env_20250917_122708/bittle_walking_1758079629/tensorboard
2025-09-17 12:27:10,911 - src.training.trainer - INFO - TensorBoard起動コマンド: tensorboard --logdir=data/experiments/debug_single_env_20250917_122708/bittle_walking_1758079629/tensorboard
2025-09-17 12:27:10,911 - __main__ - INFO - 並列環境数: 1
2025-09-17 12:27:10,912 - __main__ - INFO - バッチサイズ: 32
2025-09-17 12:27:10,912 - __main__ - INFO - 総タイムステップ数: 1000
2025-09-17 12:27:10,912 - src.training.trainer - INFO - 並列学習を開始します...
2025-09-17 12:27:14,366 - __main__ - ERROR - 並列学習中にエラーが発生しました: 'gamma'
2025-09-17 12:27:44,626 - __main__ - INFO - 並列学習を開始します...
2025-09-17 12:27:44,626 - __main__ - INFO - 設定ファイル: config/training_config_debug.yaml
2025-09-17 12:27:44,626 - __main__ - INFO - 出力ディレクトリ: data/experiments/debug_with_logs_20250917_122743
2025-09-17 12:27:46,027 - src.training.trainer - INFO - 並列トレーナーを初期化しました（環境数: 1）
2025-09-17 12:27:46,027 - src.training.trainer - INFO - TensorBoardログディレクトリ: data/experiments/debug_with_logs_20250917_122743/bittle_walking_1758079664/tensorboard
2025-09-17 12:27:46,027 - src.training.trainer - INFO - TensorBoard起動コマンド: tensorboard --logdir=data/experiments/debug_with_logs_20250917_122743/bittle_walking_1758079664/tensorboard
2025-09-17 12:27:46,027 - __main__ - INFO - 並列環境数: 1
2025-09-17 12:27:46,027 - __main__ - INFO - バッチサイズ: 32
2025-09-17 12:27:46,027 - __main__ - INFO - 総タイムステップ数: 1000
2025-09-17 12:27:46,027 - src.training.trainer - INFO - 並列学習を開始します...
2025-09-17 12:27:49,463 - __main__ - ERROR - 並列学習中にエラーが発生しました: 'gamma'
2025-09-17 12:27:58,647 - __main__ - INFO - 並列学習を開始します...
2025-09-17 12:27:58,647 - __main__ - INFO - 設定ファイル: config/training_config_debug.yaml
2025-09-17 12:27:58,647 - __main__ - INFO - 出力ディレクトリ: data/experiments/debug_success_20250917_122757
2025-09-17 12:28:00,110 - src.training.trainer - INFO - 並列トレーナーを初期化しました（環境数: 1）
2025-09-17 12:28:00,110 - src.training.trainer - INFO - TensorBoardログディレクトリ: data/experiments/debug_success_20250917_122757/bittle_walking_1758079678/tensorboard
2025-09-17 12:28:00,110 - src.training.trainer - INFO - TensorBoard起動コマンド: tensorboard --logdir=data/experiments/debug_success_20250917_122757/bittle_walking_1758079678/tensorboard
2025-09-17 12:28:00,110 - __main__ - INFO - 並列環境数: 1
2025-09-17 12:28:00,110 - __main__ - INFO - バッチサイズ: 32
2025-09-17 12:28:00,110 - __main__ - INFO - 総タイムステップ数: 1000
2025-09-17 12:28:00,110 - src.training.trainer - INFO - 並列学習を開始します...
2025-09-17 12:28:03,592 - __main__ - ERROR - 並列学習中にエラーが発生しました: 'gamma'
2025-09-17 12:30:13,001 - __main__ - INFO - 並列学習を開始します...
2025-09-17 12:30:13,001 - __main__ - INFO - 設定ファイル: config/training_config_debug.yaml
2025-09-17 12:30:13,001 - __main__ - INFO - 出力ディレクトリ: data/experiments/debug_fixed_20250917_123012
2025-09-17 12:30:14,505 - src.training.trainer - INFO - 並列トレーナーを初期化しました（環境数: 1）
2025-09-17 12:30:14,505 - src.training.trainer - INFO - TensorBoardログディレクトリ: data/experiments/debug_fixed_20250917_123012/bittle_walking_1758079813/tensorboard
2025-09-17 12:30:14,505 - src.training.trainer - INFO - TensorBoard起動コマンド: tensorboard --logdir=data/experiments/debug_fixed_20250917_123012/bittle_walking_1758079813/tensorboard
2025-09-17 12:30:14,505 - __main__ - INFO - 並列環境数: 1
2025-09-17 12:30:14,505 - __main__ - INFO - バッチサイズ: 32
2025-09-17 12:30:14,505 - __main__ - INFO - 総タイムステップ数: 1000
2025-09-17 12:30:14,505 - src.training.trainer - INFO - 並列学習を開始します...
2025-09-17 12:30:15,209 - __main__ - ERROR - 並列学習中にエラーが発生しました: 'ParallelTrainer' object has no attribute 'obs_dim'
2025-09-17 12:30:33,120 - __main__ - INFO - 並列学習を開始します...
2025-09-17 12:30:33,120 - __main__ - INFO - 設定ファイル: config/training_config_debug.yaml
2025-09-17 12:30:33,120 - __main__ - INFO - 出力ディレクトリ: data/experiments/debug_final_20250917_123032
2025-09-17 12:30:34,551 - src.training.trainer - INFO - 並列トレーナーを初期化しました（環境数: 1）
2025-09-17 12:30:34,551 - src.training.trainer - INFO - TensorBoardログディレクトリ: data/experiments/debug_final_20250917_123032/bittle_walking_1758079833/tensorboard
2025-09-17 12:30:34,551 - src.training.trainer - INFO - TensorBoard起動コマンド: tensorboard --logdir=data/experiments/debug_final_20250917_123032/bittle_walking_1758079833/tensorboard
2025-09-17 12:30:34,551 - __main__ - INFO - 並列環境数: 1
2025-09-17 12:30:34,551 - __main__ - INFO - バッチサイズ: 32
2025-09-17 12:30:34,551 - __main__ - INFO - 総タイムステップ数: 1000
2025-09-17 12:30:34,551 - src.training.trainer - INFO - 並列学習を開始します...
2025-09-17 12:30:35,246 - __main__ - ERROR - 並列学習中にエラーが発生しました: The size of tensor a (8) must match the size of tensor b (32) at non-singleton dimension 1
2025-09-17 12:30:53,535 - __main__ - INFO - 並列学習を開始します...
2025-09-17 12:30:53,535 - __main__ - INFO - 設定ファイル: config/training_config_debug.yaml
2025-09-17 12:30:53,535 - __main__ - INFO - 出力ディレクトリ: data/experiments/debug_tensor_fixed_20250917_123052
2025-09-17 12:30:54,940 - src.training.trainer - INFO - 並列トレーナーを初期化しました（環境数: 1）
2025-09-17 12:30:54,940 - src.training.trainer - INFO - TensorBoardログディレクトリ: data/experiments/debug_tensor_fixed_20250917_123052/bittle_walking_1758079853/tensorboard
2025-09-17 12:30:54,940 - src.training.trainer - INFO - TensorBoard起動コマンド: tensorboard --logdir=data/experiments/debug_tensor_fixed_20250917_123052/bittle_walking_1758079853/tensorboard
2025-09-17 12:30:54,940 - __main__ - INFO - 並列環境数: 1
2025-09-17 12:30:54,940 - __main__ - INFO - バッチサイズ: 32
2025-09-17 12:30:54,940 - __main__ - INFO - 総タイムステップ数: 1000
2025-09-17 12:30:54,940 - src.training.trainer - INFO - 並列学習を開始します...
2025-09-17 12:30:55,617 - __main__ - ERROR - 並列学習中にエラーが発生しました: 'PPONetwork' object has no attribute 'get_entropy'
2025-09-17 12:31:27,574 - __main__ - INFO - 並列学習を開始します...
2025-09-17 12:31:27,574 - __main__ - INFO - 設定ファイル: config/training_config_debug.yaml
2025-09-17 12:31:27,574 - __main__ - INFO - 出力ディレクトリ: data/experiments/debug_entropy_fixed_20250917_123126
2025-09-17 12:31:29,012 - src.training.trainer - INFO - 並列トレーナーを初期化しました（環境数: 1）
2025-09-17 12:31:29,012 - src.training.trainer - INFO - TensorBoardログディレクトリ: data/experiments/debug_entropy_fixed_20250917_123126/bittle_walking_1758079887/tensorboard
2025-09-17 12:31:29,012 - src.training.trainer - INFO - TensorBoard起動コマンド: tensorboard --logdir=data/experiments/debug_entropy_fixed_20250917_123126/bittle_walking_1758079887/tensorboard
2025-09-17 12:31:29,012 - __main__ - INFO - 並列環境数: 1
2025-09-17 12:31:29,012 - __main__ - INFO - バッチサイズ: 32
2025-09-17 12:31:29,012 - __main__ - INFO - 総タイムステップ数: 1000
2025-09-17 12:31:29,012 - src.training.trainer - INFO - 並列学習を開始します...
2025-09-17 12:31:29,730 - __main__ - ERROR - 並列学習中にエラーが発生しました: element 0 of tensors does not require grad and does not have a grad_fn
2025-09-17 12:31:47,013 - __main__ - INFO - 並列学習を開始します...
2025-09-17 12:31:47,013 - __main__ - INFO - 設定ファイル: config/training_config_debug.yaml
2025-09-17 12:31:47,013 - __main__ - INFO - 出力ディレクトリ: data/experiments/debug_grad_fixed_20250917_123146
2025-09-17 12:31:48,484 - src.training.trainer - INFO - 並列トレーナーを初期化しました（環境数: 1）
2025-09-17 12:31:48,484 - src.training.trainer - INFO - TensorBoardログディレクトリ: data/experiments/debug_grad_fixed_20250917_123146/bittle_walking_1758079907/tensorboard
2025-09-17 12:31:48,484 - src.training.trainer - INFO - TensorBoard起動コマンド: tensorboard --logdir=data/experiments/debug_grad_fixed_20250917_123146/bittle_walking_1758079907/tensorboard
2025-09-17 12:31:48,484 - __main__ - INFO - 並列環境数: 1
2025-09-17 12:31:48,484 - __main__ - INFO - バッチサイズ: 32
2025-09-17 12:31:48,484 - __main__ - INFO - 総タイムステップ数: 1000
2025-09-17 12:31:48,484 - src.training.trainer - INFO - 並列学習を開始します...
2025-09-17 12:31:51,265 - src.training.trainer - INFO - 学習完了。最終評価を実行します
2025-09-17 12:31:51,265 - src.training.trainer - INFO - Episode 770: 評価を実行中...
2025-09-17 12:31:51,265 - src.training.evaluator - INFO - 評価を開始します（エピソード数: 1）
2025-09-17 12:31:51,475 - src.training.evaluator - INFO - Episode 1/1: Reward=-32057.63, Success=False, Distance=0.519m, Time=0.03s
2025-09-17 12:31:51,478 - src.training.evaluator - INFO - 評価結果を保存しました: data/experiments/debug_grad_fixed_20250917_123146/bittle_walking_1758079907/evaluation_results.yaml
2025-09-17 12:31:51,969 - src.training.evaluator - INFO - 評価結果の可視化を保存しました
2025-09-17 12:31:51,969 - src.training.evaluator - INFO - 評価完了
2025-09-17 12:31:51,969 - src.training.trainer - INFO - 評価結果 - Success Rate: 0.00 | Avg Reward: -32057.63 | Avg Time: 0.03s | Avg Distance: 0.52m
2025-09-17 12:31:51,973 - src.training.trainer - INFO - 最終モデルを保存しました: data/experiments/debug_grad_fixed_20250917_123146/bittle_walking_1758079907/final_model.pth
2025-09-17 12:31:51,973 - src.training.trainer - INFO - 学習結果を保存しました: data/experiments/debug_grad_fixed_20250917_123146/bittle_walking_1758079907/training_results.yaml
2025-09-17 12:31:51,973 - src.training.trainer - INFO - 並列学習完了。総時間: 3.5秒
2025-09-17 12:31:51,973 - src.training.trainer - INFO - TensorBoardログ: data/experiments/debug_grad_fixed_20250917_123146/bittle_walking_1758079907/tensorboard
2025-09-17 12:31:51,973 - __main__ - INFO - 並列学習完了!
2025-09-17 12:31:51,973 - __main__ - INFO - ==================================================
2025-09-17 12:31:51,973 - __main__ - INFO - 学習結果:
2025-09-17 12:31:51,973 - __main__ - INFO -   num_episodes: 1
2025-09-17 12:31:51,973 - __main__ - INFO -   success_rate: 0.0
2025-09-17 12:31:51,973 - __main__ - INFO -   avg_reward: -32057.62866891224
2025-09-17 12:31:51,973 - __main__ - INFO -   std_reward: 0.0
2025-09-17 12:31:51,973 - __main__ - INFO -   min_reward: -32057.62866891224
2025-09-17 12:31:51,973 - __main__ - INFO -   max_reward: -32057.62866891224
2025-09-17 12:31:51,973 - __main__ - INFO -   avg_length: 61.0
2025-09-17 12:31:51,973 - __main__ - INFO -   std_length: 0.0
2025-09-17 12:31:51,973 - __main__ - INFO -   avg_time: 0.03039836883544922
2025-09-17 12:31:51,973 - __main__ - INFO -   std_time: 0.0
2025-09-17 12:31:51,973 - __main__ - INFO -   avg_distance: 0.5185025118839016
2025-09-17 12:31:51,973 - __main__ - INFO -   std_distance: 0.0
2025-09-17 12:31:51,973 - __main__ - INFO -   min_distance: 0.5185025118839016
2025-09-17 12:31:51,973 - __main__ - INFO -   max_distance: 0.5185025118839016
2025-09-17 12:31:51,973 - __main__ - INFO -   success_count: 0
2025-09-17 12:31:51,974 - __main__ - INFO -   failure_count: 1
2025-09-17 12:31:51,974 - __main__ - INFO -   avg_forward_rewards: -210.21395848467043
2025-09-17 12:31:51,974 - __main__ - INFO -   std_forward_rewards: 201.08624609897947
2025-09-17 12:31:51,974 - __main__ - INFO -   avg_stability_rewards: -157.66046886350284
2025-09-17 12:31:51,974 - __main__ - INFO -   std_stability_rewards: 150.81468457423458
2025-09-17 12:31:51,974 - __main__ - INFO -   avg_efficiency_rewards: -105.10697924233521
2025-09-17 12:31:51,974 - __main__ - INFO -   std_efficiency_rewards: 100.54312304948974
2025-09-17 12:31:51,974 - __main__ - INFO -   avg_penalties: -52.55348962116761
2025-09-17 12:31:51,974 - __main__ - INFO -   std_penalties: 50.27156152474487
2025-09-17 12:31:51,974 - __main__ - INFO -   avg_positions: 0.41627832444505325
2025-09-17 12:31:51,974 - __main__ - INFO -   std_positions: 0.44699740396640647
2025-09-17 12:31:51,974 - __main__ - INFO -   avg_orientations: 0.31509349401365194
2025-09-17 12:31:51,974 - __main__ - INFO -   std_orientations: 0.3882217021629119
2025-09-17 12:31:51,974 - __main__ - INFO -   avg_joint_angles: nan
2025-09-17 12:31:51,974 - __main__ - INFO -   std_joint_angles: nan
2025-09-17 12:31:51,974 - __main__ - INFO -   avg_joint_velocities: nan
2025-09-17 12:31:51,974 - __main__ - INFO -   std_joint_velocities: nan
2025-09-17 12:31:51,974 - __main__ - INFO -   avg_actions: -0.14219002425670624
2025-09-17 12:31:51,974 - __main__ - INFO -   std_actions: 0.9174816608428955
2025-09-17 12:31:51,974 - __main__ - INFO -   efficiency: 0.0
2025-09-17 12:31:51,974 - __main__ - INFO -   energy_efficiency: -1.6174075669755243e-05
2025-09-17 12:31:51,974 - __main__ - INFO - ==================================================
2025-09-17 12:35:44,422 - __main__ - INFO - 並列学習を開始します...
2025-09-17 12:35:44,422 - __main__ - INFO - 設定ファイル: config/training_config_1h.yaml
2025-09-17 12:35:44,422 - __main__ - INFO - 出力ディレクトリ: data/experiments/1h_training_20250917_123543
2025-09-17 12:35:48,428 - src.training.trainer - INFO - 並列トレーナーを初期化しました（環境数: 8）
2025-09-17 12:35:48,428 - src.training.trainer - INFO - TensorBoardログディレクトリ: data/experiments/1h_training_20250917_123543/bittle_walking_1758080144/tensorboard
2025-09-17 12:35:48,428 - src.training.trainer - INFO - TensorBoard起動コマンド: tensorboard --logdir=data/experiments/1h_training_20250917_123543/bittle_walking_1758080144/tensorboard
2025-09-17 12:35:48,428 - __main__ - INFO - 並列環境数: 8
2025-09-17 12:35:48,428 - __main__ - INFO - バッチサイズ: 256
2025-09-17 12:35:48,428 - __main__ - INFO - 総タイムステップ数: 300000
2025-09-17 12:35:48,428 - src.training.trainer - INFO - 並列学習を開始します...
2025-09-17 12:35:50,199 - __main__ - ERROR - 並列学習中にエラーが発生しました: expand(torch.cuda.FloatTensor{[8, 8]}, size=[8]): the number of sizes provided (1) must be greater or equal to the number of dimensions in the tensor (2)
2025-09-17 12:37:00,126 - __main__ - INFO - 並列学習を開始します...
2025-09-17 12:37:00,126 - __main__ - INFO - 設定ファイル: config/training_config_1h.yaml
2025-09-17 12:37:00,126 - __main__ - INFO - 出力ディレクトリ: data/experiments/1h_training_direct_20250917_123659
2025-09-17 12:37:04,102 - src.training.trainer - INFO - 並列トレーナーを初期化しました（環境数: 8）
2025-09-17 12:37:04,102 - src.training.trainer - INFO - TensorBoardログディレクトリ: data/experiments/1h_training_direct_20250917_123659/bittle_walking_1758080220/tensorboard
2025-09-17 12:37:04,102 - src.training.trainer - INFO - TensorBoard起動コマンド: tensorboard --logdir=data/experiments/1h_training_direct_20250917_123659/bittle_walking_1758080220/tensorboard
2025-09-17 12:37:04,102 - __main__ - INFO - 並列環境数: 8
2025-09-17 12:37:04,102 - __main__ - INFO - バッチサイズ: 256
2025-09-17 12:37:04,102 - __main__ - INFO - 総タイムステップ数: 300000
2025-09-17 12:37:04,102 - src.training.trainer - INFO - 並列学習を開始します...
2025-09-17 12:37:05,878 - __main__ - ERROR - 並列学習中にエラーが発生しました: expand(torch.cuda.FloatTensor{[8, 8]}, size=[8]): the number of sizes provided (1) must be greater or equal to the number of dimensions in the tensor (2)
2025-09-17 12:37:06,302 - __main__ - INFO - 並列学習を開始します...
2025-09-17 12:37:06,302 - __main__ - INFO - 設定ファイル: config/training_config_1h.yaml
2025-09-17 12:37:06,302 - __main__ - INFO - 出力ディレクトリ: data/experiments/1h_training_final_20250917_123705
2025-09-17 12:37:10,394 - src.training.trainer - INFO - 並列トレーナーを初期化しました（環境数: 8）
2025-09-17 12:37:10,394 - src.training.trainer - INFO - TensorBoardログディレクトリ: data/experiments/1h_training_final_20250917_123705/bittle_walking_1758080226/tensorboard
2025-09-17 12:37:10,394 - src.training.trainer - INFO - TensorBoard起動コマンド: tensorboard --logdir=data/experiments/1h_training_final_20250917_123705/bittle_walking_1758080226/tensorboard
2025-09-17 12:37:10,394 - __main__ - INFO - 並列環境数: 8
2025-09-17 12:37:10,394 - __main__ - INFO - バッチサイズ: 256
2025-09-17 12:37:10,395 - __main__ - INFO - 総タイムステップ数: 300000
2025-09-17 12:37:10,395 - src.training.trainer - INFO - 並列学習を開始します...
2025-09-17 12:37:12,174 - __main__ - ERROR - 並列学習中にエラーが発生しました: expand(torch.cuda.FloatTensor{[8, 8]}, size=[8]): the number of sizes provided (1) must be greater or equal to the number of dimensions in the tensor (2)
2025-09-17 12:39:52,738 - __main__ - INFO - 並列学習を開始します...
2025-09-17 12:39:52,738 - __main__ - INFO - 設定ファイル: config/training_config_1h.yaml
2025-09-17 12:39:52,738 - __main__ - INFO - 出力ディレクトリ: data/experiments/1h_training_fixed_20250917_123951
2025-09-17 12:39:56,733 - src.training.trainer - INFO - 並列トレーナーを初期化しました（環境数: 8）
2025-09-17 12:39:56,733 - src.training.trainer - INFO - TensorBoardログディレクトリ: data/experiments/1h_training_fixed_20250917_123951/bittle_walking_1758080392/tensorboard
2025-09-17 12:39:56,733 - src.training.trainer - INFO - TensorBoard起動コマンド: tensorboard --logdir=data/experiments/1h_training_fixed_20250917_123951/bittle_walking_1758080392/tensorboard
2025-09-17 12:39:56,733 - __main__ - INFO - 並列環境数: 8
2025-09-17 12:39:56,733 - __main__ - INFO - バッチサイズ: 256
2025-09-17 12:39:56,733 - __main__ - INFO - 総タイムステップ数: 300000
2025-09-17 12:39:56,733 - src.training.trainer - INFO - 並列学習を開始します...
2025-09-17 12:39:58,481 - __main__ - ERROR - 並列学習中にエラーが発生しました: expand(torch.cuda.FloatTensor{[8, 8]}, size=[8]): the number of sizes provided (1) must be greater or equal to the number of dimensions in the tensor (2)
2025-09-17 12:44:25,629 - __main__ - INFO - 並列学習を開始します...
2025-09-17 12:44:25,630 - __main__ - INFO - 設定ファイル: config/training_config_1h.yaml
2025-09-17 12:44:25,630 - __main__ - INFO - 出力ディレクトリ: data/experiments/1h_training_complete_20250917_124424
2025-09-17 12:44:29,803 - src.training.trainer - INFO - 並列トレーナーを初期化しました（環境数: 8）
2025-09-17 12:44:29,803 - src.training.trainer - INFO - TensorBoardログディレクトリ: data/experiments/1h_training_complete_20250917_124424/bittle_walking_1758080665/tensorboard
2025-09-17 12:44:29,803 - src.training.trainer - INFO - TensorBoard起動コマンド: tensorboard --logdir=data/experiments/1h_training_complete_20250917_124424/bittle_walking_1758080665/tensorboard
2025-09-17 12:44:29,803 - __main__ - INFO - 並列環境数: 8
2025-09-17 12:44:29,803 - __main__ - INFO - バッチサイズ: 256
2025-09-17 12:44:29,803 - __main__ - INFO - 総タイムステップ数: 300000
2025-09-17 12:44:29,803 - src.training.trainer - INFO - 並列学習を開始します...
2025-09-17 12:53:21,327 - __main__ - INFO - 並列学習を開始します...
2025-09-17 12:53:21,327 - __main__ - INFO - 設定ファイル: config/training_config_1h.yaml
2025-09-17 12:53:21,328 - __main__ - INFO - 出力ディレクトリ: data/experiments/1h_training_final_fix_20250917_125320
2025-09-17 12:53:25,756 - src.training.trainer - INFO - 並列トレーナーを初期化しました（環境数: 8）
2025-09-17 12:53:25,756 - src.training.trainer - INFO - TensorBoardログディレクトリ: data/experiments/1h_training_final_fix_20250917_125320/bittle_walking_1758081201/tensorboard
2025-09-17 12:53:25,756 - src.training.trainer - INFO - TensorBoard起動コマンド: tensorboard --logdir=data/experiments/1h_training_final_fix_20250917_125320/bittle_walking_1758081201/tensorboard
2025-09-17 12:53:25,756 - __main__ - INFO - 並列環境数: 8
2025-09-17 12:53:25,756 - __main__ - INFO - バッチサイズ: 256
2025-09-17 12:53:25,756 - __main__ - INFO - 総タイムステップ数: 300000
2025-09-17 12:53:25,756 - src.training.trainer - INFO - 並列学習を開始します...
2025-09-17 12:56:29,779 - src.training.trainer - INFO - 学習完了。最終評価を実行します
2025-09-17 12:56:29,780 - src.training.trainer - INFO - Episode 287798: 評価を実行中...
2025-09-17 12:56:29,780 - src.training.evaluator - INFO - 評価を開始します（エピソード数: 5）
2025-09-17 12:56:30,011 - src.training.evaluator - INFO - Episode 1/5: Reward=-14508.70, Success=False, Distance=0.742m, Time=0.02s
2025-09-17 12:56:30,258 - src.training.evaluator - INFO - Episode 2/5: Reward=-14519.99, Success=False, Distance=0.742m, Time=0.03s
2025-09-17 12:56:30,505 - src.training.evaluator - INFO - Episode 3/5: Reward=-14519.99, Success=False, Distance=0.742m, Time=0.03s
2025-09-17 12:56:30,726 - src.training.evaluator - INFO - Episode 4/5: Reward=-14519.99, Success=False, Distance=0.742m, Time=0.04s
2025-09-17 12:56:30,944 - src.training.evaluator - INFO - Episode 5/5: Reward=-14519.99, Success=False, Distance=0.742m, Time=0.03s
2025-09-17 12:56:30,950 - src.training.evaluator - INFO - 評価結果を保存しました: data/experiments/1h_training_complete_20250917_124424/bittle_walking_1758080665/evaluation_results.yaml
2025-09-17 12:56:31,456 - src.training.evaluator - INFO - 評価結果の可視化を保存しました
2025-09-17 12:56:31,456 - src.training.evaluator - INFO - 評価完了
2025-09-17 12:56:31,456 - src.training.trainer - INFO - 評価結果 - Success Rate: 0.00 | Avg Reward: -14517.73 | Avg Time: 0.03s | Avg Distance: 0.74m
2025-09-17 12:56:31,461 - src.training.trainer - INFO - 最終モデルを保存しました: data/experiments/1h_training_complete_20250917_124424/bittle_walking_1758080665/final_model.pth
2025-09-17 12:56:31,461 - src.training.trainer - INFO - 学習結果を保存しました: data/experiments/1h_training_complete_20250917_124424/bittle_walking_1758080665/training_results.yaml
2025-09-17 12:56:31,461 - src.training.trainer - INFO - 並列学習完了。総時間: 721.7秒
2025-09-17 12:56:31,461 - src.training.trainer - INFO - TensorBoardログ: data/experiments/1h_training_complete_20250917_124424/bittle_walking_1758080665/tensorboard
2025-09-17 12:56:31,461 - __main__ - INFO - 並列学習完了!
2025-09-17 12:56:31,461 - __main__ - INFO - ==================================================
2025-09-17 12:56:31,461 - __main__ - INFO - 学習結果:
2025-09-17 12:56:31,461 - __main__ - INFO -   num_episodes: 5
2025-09-17 12:56:31,461 - __main__ - INFO -   success_rate: 0.0
2025-09-17 12:56:31,461 - __main__ - INFO -   avg_reward: -14517.727900918015
2025-09-17 12:56:31,461 - __main__ - INFO -   std_reward: 4.5159637312106495
2025-09-17 12:56:31,461 - __main__ - INFO -   min_reward: -14519.985882783621
2025-09-17 12:56:31,461 - __main__ - INFO -   max_reward: -14508.695973455595
2025-09-17 12:56:31,461 - __main__ - INFO -   avg_length: 44.0
2025-09-17 12:56:31,461 - __main__ - INFO -   std_length: 0.0
2025-09-17 12:56:31,461 - __main__ - INFO -   avg_time: 0.02999987602233887
2025-09-17 12:56:31,461 - __main__ - INFO -   std_time: 0.005071705638960179
2025-09-17 12:56:31,461 - __main__ - INFO -   avg_distance: 0.7416940289325551
2025-09-17 12:56:31,461 - __main__ - INFO -   std_distance: 0.0
2025-09-17 12:56:31,461 - __main__ - INFO -   min_distance: 0.7416940289325551
2025-09-17 12:56:31,461 - __main__ - INFO -   max_distance: 0.7416940289325551
2025-09-17 12:56:31,461 - __main__ - INFO -   success_count: 0
2025-09-17 12:56:31,461 - __main__ - INFO -   failure_count: 5
2025-09-17 12:56:31,461 - __main__ - INFO -   avg_forward_rewards: -131.97934455380016
2025-09-17 12:56:31,461 - __main__ - INFO -   std_forward_rewards: 192.5080944071485
2025-09-17 12:56:31,461 - __main__ - INFO -   avg_stability_rewards: -98.9845084153501
2025-09-17 12:56:31,461 - __main__ - INFO -   std_stability_rewards: 144.38107080536136
2025-09-17 12:56:31,461 - __main__ - INFO -   avg_efficiency_rewards: -65.98967227690008
2025-09-17 12:56:31,461 - __main__ - INFO -   std_efficiency_rewards: 96.25404720357425
2025-09-17 12:56:31,462 - __main__ - INFO -   avg_penalties: -32.99483613845004
2025-09-17 12:56:31,462 - __main__ - INFO -   std_penalties: 48.12702360178712
2025-09-17 12:56:31,462 - __main__ - INFO -   avg_positions: 0.3319038686839243
2025-09-17 12:56:31,462 - __main__ - INFO -   std_positions: 0.35988064194684216
2025-09-17 12:56:31,462 - __main__ - INFO -   avg_orientations: 0.30560496933049036
2025-09-17 12:56:31,462 - __main__ - INFO -   std_orientations: 0.3957342577039674
2025-09-17 12:56:31,462 - __main__ - INFO -   avg_joint_angles: nan
2025-09-17 12:56:31,462 - __main__ - INFO -   std_joint_angles: nan
2025-09-17 12:56:31,462 - __main__ - INFO -   avg_joint_velocities: nan
2025-09-17 12:56:31,462 - __main__ - INFO -   std_joint_velocities: nan
2025-09-17 12:56:31,462 - __main__ - INFO -   avg_actions: 0.0
2025-09-17 12:56:31,462 - __main__ - INFO -   std_actions: 1.0
2025-09-17 12:56:31,462 - __main__ - INFO -   efficiency: 0.0
2025-09-17 12:56:31,462 - __main__ - INFO -   energy_efficiency: -5.108885040376427e-05
2025-09-17 12:56:31,462 - __main__ - INFO - ==================================================
2025-09-17 12:57:24,455 - __main__ - INFO - 並列学習を開始します...
2025-09-17 12:57:24,455 - __main__ - INFO - 設定ファイル: config/training_config_1h.yaml
2025-09-17 12:57:24,455 - __main__ - INFO - 出力ディレクトリ: data/experiments/1h_training_realtime_20250917_125723
2025-09-17 12:57:28,846 - src.training.trainer - INFO - 並列トレーナーを初期化しました（環境数: 8）
2025-09-17 12:57:28,846 - src.training.trainer - INFO - TensorBoardログディレクトリ: data/experiments/1h_training_realtime_20250917_125723/bittle_walking_1758081444/tensorboard
2025-09-17 12:57:28,846 - src.training.trainer - INFO - TensorBoard起動コマンド: tensorboard --logdir=data/experiments/1h_training_realtime_20250917_125723/bittle_walking_1758081444/tensorboard
2025-09-17 12:57:28,846 - __main__ - INFO - 並列環境数: 8
2025-09-17 12:57:28,846 - __main__ - INFO - バッチサイズ: 256
2025-09-17 12:57:28,846 - __main__ - INFO - 総タイムステップ数: 300000
2025-09-17 12:57:28,846 - src.training.trainer - INFO - 並列学習を開始します...
2025-09-17 12:58:33,175 - src.training.trainer - INFO - Timesteps: 25600/300000, Episodes: 24146, Avg Reward: -8.16, Avg Length: 0.0, Steps/sec: 562.2, Policy Loss: 27.4702, Value Loss: 0.8548
2025-09-17 12:59:37,319 - src.training.trainer - INFO - Timesteps: 51200/300000, Episodes: 48262, Avg Reward: -8.16, Avg Length: 0.0, Steps/sec: 568.1, Policy Loss: 10.4151, Value Loss: 1.9112
2025-09-17 13:00:40,528 - src.training.trainer - INFO - Timesteps: 76800/300000, Episodes: 72377, Avg Reward: -8.17, Avg Length: 0.0, Steps/sec: 572.5, Policy Loss: 6.1946, Value Loss: 1.0886
2025-09-17 13:01:44,013 - src.training.trainer - INFO - Timesteps: 102400/300000, Episodes: 96491, Avg Reward: -8.17, Avg Length: 0.0, Steps/sec: 546.5, Policy Loss: 10.6556, Value Loss: 1.4553
2025-09-17 13:02:49,609 - src.training.trainer - INFO - Timesteps: 128000/300000, Episodes: 120606, Avg Reward: -8.18, Avg Length: 0.0, Steps/sec: 544.1, Policy Loss: 37.0576, Value Loss: 0.4402
2025-09-17 13:03:53,641 - src.training.trainer - INFO - Timesteps: 153600/300000, Episodes: 144722, Avg Reward: -8.15, Avg Length: 0.0, Steps/sec: 562.5, Policy Loss: 46.5153, Value Loss: 0.6052
2025-09-17 13:04:57,046 - src.training.trainer - INFO - Timesteps: 179200/300000, Episodes: 168839, Avg Reward: -8.18, Avg Length: 0.0, Steps/sec: 554.6, Policy Loss: 15.2741, Value Loss: 0.8755
2025-09-17 13:05:55,227 - src.training.trainer - INFO - Timesteps: 204800/300000, Episodes: 192959, Avg Reward: -8.17, Avg Length: 0.0, Steps/sec: 670.2, Policy Loss: 49.2173, Value Loss: 2.4489
2025-09-17 13:06:44,782 - src.training.trainer - INFO - Timesteps: 230400/300000, Episodes: 217078, Avg Reward: -8.17, Avg Length: 0.0, Steps/sec: 661.7, Policy Loss: 22.4626, Value Loss: 2.5795
2025-09-17 13:07:28,911 - __main__ - INFO - 並列学習を開始します...
2025-09-17 13:07:28,911 - __main__ - INFO - 設定ファイル: config/training_config_1h.yaml
2025-09-17 13:07:28,911 - __main__ - INFO - 出力ディレクトリ: data/experiments/1h_training_fixed_logging_20250917_130728
2025-09-17 13:07:33,226 - src.training.trainer - INFO - 並列トレーナーを初期化しました（環境数: 8）
2025-09-17 13:07:33,226 - src.training.trainer - INFO - TensorBoardログディレクトリ: data/experiments/1h_training_fixed_logging_20250917_130728/bittle_walking_1758082048/tensorboard
2025-09-17 13:07:33,226 - src.training.trainer - INFO - TensorBoard起動コマンド: tensorboard --logdir=data/experiments/1h_training_fixed_logging_20250917_130728/bittle_walking_1758082048/tensorboard
2025-09-17 13:07:33,226 - __main__ - INFO - 並列環境数: 8
2025-09-17 13:07:33,226 - __main__ - INFO - バッチサイズ: 256
2025-09-17 13:07:33,226 - __main__ - INFO - 総タイムステップ数: 300000
2025-09-17 13:07:33,226 - src.training.trainer - INFO - 並列学習を開始します...
2025-09-17 13:07:35,348 - src.training.trainer - INFO - Timesteps: 1024/300000, Episodes: 968, Avg Reward: -8.64, Avg Length: 0.0, Steps/sec: 635.3, Policy Loss: 1.0925, Value Loss: 1.4242
2025-09-17 13:07:37,302 - src.training.trainer - INFO - Timesteps: 2048/300000, Episodes: 1935, Avg Reward: -8.15, Avg Length: 0.0, Steps/sec: 668.1, Policy Loss: 2.4963, Value Loss: 1.3994
2025-09-17 13:07:39,325 - src.training.trainer - INFO - Timesteps: 3072/300000, Episodes: 2915, Avg Reward: -5.52, Avg Length: 0.0, Steps/sec: 651.6, Policy Loss: 2.8622, Value Loss: 6.0589
2025-09-17 13:07:41,302 - src.training.trainer - INFO - Timesteps: 4096/300000, Episodes: 3895, Avg Reward: -4.50, Avg Length: 0.0, Steps/sec: 665.5, Policy Loss: 2.5215, Value Loss: 9.9337
2025-09-17 13:07:43,269 - src.training.trainer - INFO - Timesteps: 5120/300000, Episodes: 4875, Avg Reward: -5.53, Avg Length: 0.0, Steps/sec: 672.2, Policy Loss: 28.3352, Value Loss: 11.0209
2025-09-17 13:07:45,203 - src.training.trainer - INFO - Timesteps: 6144/300000, Episodes: 5855, Avg Reward: -4.51, Avg Length: 0.0, Steps/sec: 679.0, Policy Loss: 15.5072, Value Loss: 19.1950
2025-09-17 13:07:47,154 - src.training.trainer - INFO - Timesteps: 7168/300000, Episodes: 6835, Avg Reward: -4.59, Avg Length: 0.0, Steps/sec: 680.0, Policy Loss: 19.9002, Value Loss: 13.7693
2025-09-17 13:07:49,117 - src.training.trainer - INFO - Timesteps: 8192/300000, Episodes: 7811, Avg Reward: -8.63, Avg Length: 0.0, Steps/sec: 678.5, Policy Loss: 23.7084, Value Loss: 13.9100
2025-09-17 13:07:51,081 - src.training.trainer - INFO - Timesteps: 9216/300000, Episodes: 8787, Avg Reward: -8.64, Avg Length: 0.0, Steps/sec: 676.6, Policy Loss: 24.2568, Value Loss: 13.0407
2025-09-17 13:07:53,054 - src.training.trainer - INFO - Timesteps: 10240/300000, Episodes: 9763, Avg Reward: -8.64, Avg Length: 0.0, Steps/sec: 674.8, Policy Loss: 49.0164, Value Loss: 12.2771
2025-09-17 13:07:55,022 - src.training.trainer - INFO - Timesteps: 11264/300000, Episodes: 10739, Avg Reward: -7.62, Avg Length: 0.0, Steps/sec: 675.9, Policy Loss: 67.8932, Value Loss: 5.0302
2025-09-17 13:07:56,980 - src.training.trainer - INFO - Timesteps: 12288/300000, Episodes: 11715, Avg Reward: -8.64, Avg Length: 0.0, Steps/sec: 671.8, Policy Loss: 36.4319, Value Loss: 5.4132
2025-09-17 13:07:58,947 - src.training.trainer - INFO - Timesteps: 13312/300000, Episodes: 12691, Avg Reward: -8.63, Avg Length: 0.0, Steps/sec: 674.2, Policy Loss: 11.7267, Value Loss: 5.4764
2025-09-17 13:08:00,919 - src.training.trainer - INFO - Timesteps: 14336/300000, Episodes: 13667, Avg Reward: -8.64, Avg Length: 0.0, Steps/sec: 668.5, Policy Loss: 29.0420, Value Loss: 3.5818
2025-09-17 13:08:02,924 - src.training.trainer - INFO - Timesteps: 15360/300000, Episodes: 14643, Avg Reward: -7.60, Avg Length: 0.0, Steps/sec: 664.4, Policy Loss: 16.4272, Value Loss: 3.5586
2025-09-17 13:08:04,890 - src.training.trainer - INFO - Timesteps: 16384/300000, Episodes: 15619, Avg Reward: -8.68, Avg Length: 0.0, Steps/sec: 667.1, Policy Loss: 23.5159, Value Loss: 4.2827
2025-09-17 13:08:06,867 - src.training.trainer - INFO - Timesteps: 17408/300000, Episodes: 16595, Avg Reward: -7.61, Avg Length: 0.0, Steps/sec: 671.9, Policy Loss: 9.7910, Value Loss: 3.2425
2025-09-17 13:08:08,849 - src.training.trainer - INFO - Timesteps: 18432/300000, Episodes: 17571, Avg Reward: -8.64, Avg Length: 0.0, Steps/sec: 670.2, Policy Loss: 12.5876, Value Loss: 3.5426
2025-09-17 13:08:10,813 - src.training.trainer - INFO - Timesteps: 19456/300000, Episodes: 18547, Avg Reward: -8.61, Avg Length: 0.0, Steps/sec: 674.3, Policy Loss: 15.0126, Value Loss: 2.5462
2025-09-17 13:08:12,783 - src.training.trainer - INFO - Timesteps: 20480/300000, Episodes: 19523, Avg Reward: -8.68, Avg Length: 0.0, Steps/sec: 664.8, Policy Loss: 26.7840, Value Loss: 1.9741
2025-09-17 13:08:14,751 - src.training.trainer - INFO - Timesteps: 21504/300000, Episodes: 20499, Avg Reward: -8.66, Avg Length: 0.0, Steps/sec: 673.6, Policy Loss: 25.9512, Value Loss: 1.9597
2025-09-17 13:08:16,733 - src.training.trainer - INFO - Timesteps: 22528/300000, Episodes: 21475, Avg Reward: -8.66, Avg Length: 0.0, Steps/sec: 666.4, Policy Loss: 9.5098, Value Loss: 1.1790
2025-09-17 13:08:18,711 - src.training.trainer - INFO - Timesteps: 23552/300000, Episodes: 22451, Avg Reward: -8.63, Avg Length: 0.0, Steps/sec: 668.3, Policy Loss: 8.6856, Value Loss: 1.0105
2025-09-17 13:08:20,673 - src.training.trainer - INFO - Timesteps: 24576/300000, Episodes: 23427, Avg Reward: -8.68, Avg Length: 0.0, Steps/sec: 676.4, Policy Loss: 11.4075, Value Loss: 1.4297
2025-09-17 13:08:22,661 - src.training.trainer - INFO - Timesteps: 25600/300000, Episodes: 24403, Avg Reward: -8.62, Avg Length: 0.0, Steps/sec: 667.7, Policy Loss: 14.6974, Value Loss: 1.4114
2025-09-17 13:08:24,602 - src.training.trainer - INFO - Timesteps: 26624/300000, Episodes: 25379, Avg Reward: -7.62, Avg Length: 0.0, Steps/sec: 675.8, Policy Loss: 16.4015, Value Loss: 1.3597
2025-09-17 13:08:26,581 - src.training.trainer - INFO - Timesteps: 27648/300000, Episodes: 26355, Avg Reward: -8.61, Avg Length: 0.0, Steps/sec: 673.8, Policy Loss: 15.4541, Value Loss: 1.0972
2025-09-17 13:08:28,542 - src.training.trainer - INFO - Timesteps: 28672/300000, Episodes: 27331, Avg Reward: -8.66, Avg Length: 0.0, Steps/sec: 677.3, Policy Loss: 16.1573, Value Loss: 0.8235
2025-09-17 13:08:30,479 - src.training.trainer - INFO - Timesteps: 29696/300000, Episodes: 28307, Avg Reward: -8.61, Avg Length: 0.0, Steps/sec: 668.6, Policy Loss: 14.6431, Value Loss: 0.6704
2025-09-17 13:08:32,458 - src.training.trainer - INFO - Timesteps: 30720/300000, Episodes: 29283, Avg Reward: -7.60, Avg Length: 0.0, Steps/sec: 669.2, Policy Loss: 13.5594, Value Loss: 0.5718
2025-09-17 13:08:34,410 - src.training.trainer - INFO - Timesteps: 31744/300000, Episodes: 30259, Avg Reward: -7.66, Avg Length: 0.0, Steps/sec: 669.7, Policy Loss: 24.6770, Value Loss: 0.6521
2025-09-17 13:08:36,399 - src.training.trainer - INFO - Timesteps: 32768/300000, Episodes: 31235, Avg Reward: -8.63, Avg Length: 0.0, Steps/sec: 667.6, Policy Loss: 28.1943, Value Loss: 0.8096
2025-09-17 13:08:38,374 - src.training.trainer - INFO - Timesteps: 33792/300000, Episodes: 32211, Avg Reward: -8.67, Avg Length: 0.0, Steps/sec: 672.6, Policy Loss: 12.0683, Value Loss: 0.8955
2025-09-17 13:08:40,368 - src.training.trainer - INFO - Timesteps: 34816/300000, Episodes: 33187, Avg Reward: -8.61, Avg Length: 0.0, Steps/sec: 658.0, Policy Loss: 18.1601, Value Loss: 0.9567
2025-09-17 13:08:42,395 - src.training.trainer - INFO - Timesteps: 35840/300000, Episodes: 34163, Avg Reward: -7.61, Avg Length: 0.0, Steps/sec: 649.4, Policy Loss: 18.3319, Value Loss: 0.9495
2025-09-17 13:08:44,359 - src.training.trainer - INFO - Timesteps: 36864/300000, Episodes: 35139, Avg Reward: -8.62, Avg Length: 0.0, Steps/sec: 675.7, Policy Loss: 14.7961, Value Loss: 0.7568
2025-09-17 13:08:46,352 - src.training.trainer - INFO - Timesteps: 37888/300000, Episodes: 36115, Avg Reward: -8.65, Avg Length: 0.0, Steps/sec: 665.7, Policy Loss: 13.5591, Value Loss: 0.5718
2025-09-17 13:08:48,323 - src.training.trainer - INFO - Timesteps: 38912/300000, Episodes: 37091, Avg Reward: -7.61, Avg Length: 0.0, Steps/sec: 670.2, Policy Loss: 16.7260, Value Loss: 0.4786
2025-09-17 13:08:50,294 - src.training.trainer - INFO - Timesteps: 39936/300000, Episodes: 38067, Avg Reward: -7.61, Avg Length: 0.0, Steps/sec: 671.6, Policy Loss: 11.9611, Value Loss: 0.5265
2025-09-17 13:08:52,233 - src.training.trainer - INFO - Timesteps: 40960/300000, Episodes: 39043, Avg Reward: -8.64, Avg Length: 0.0, Steps/sec: 675.5, Policy Loss: 16.4581, Value Loss: 0.5455
2025-09-17 13:08:54,215 - src.training.trainer - INFO - Timesteps: 41984/300000, Episodes: 40019, Avg Reward: -7.62, Avg Length: 0.0, Steps/sec: 665.6, Policy Loss: 20.4589, Value Loss: 0.6896
2025-09-17 13:08:56,193 - src.training.trainer - INFO - Timesteps: 43008/300000, Episodes: 40995, Avg Reward: -8.65, Avg Length: 0.0, Steps/sec: 666.8, Policy Loss: 16.5563, Value Loss: 0.7736
2025-09-17 13:08:58,090 - src.training.trainer - INFO - Timesteps: 44032/300000, Episodes: 41971, Avg Reward: -8.61, Avg Length: 0.0, Steps/sec: 684.0, Policy Loss: 18.5306, Value Loss: 0.8596
2025-09-17 13:09:00,007 - src.training.trainer - INFO - Timesteps: 45056/300000, Episodes: 42947, Avg Reward: -7.60, Avg Length: 0.0, Steps/sec: 684.3, Policy Loss: 32.3245, Value Loss: 0.7390
2025-09-17 13:09:01,940 - src.training.trainer - INFO - Timesteps: 46080/300000, Episodes: 43923, Avg Reward: -8.64, Avg Length: 0.0, Steps/sec: 683.4, Policy Loss: 16.5931, Value Loss: 0.6005
2025-09-17 13:09:03,893 - src.training.trainer - INFO - Timesteps: 47104/300000, Episodes: 44899, Avg Reward: -7.65, Avg Length: 0.0, Steps/sec: 667.9, Policy Loss: 23.8380, Value Loss: 0.4525
2025-09-17 13:09:05,858 - src.training.trainer - INFO - Timesteps: 48128/300000, Episodes: 45875, Avg Reward: -7.66, Avg Length: 0.0, Steps/sec: 670.6, Policy Loss: 25.7132, Value Loss: 0.4062
2025-09-17 13:09:07,813 - src.training.trainer - INFO - Timesteps: 49152/300000, Episodes: 46851, Avg Reward: -8.64, Avg Length: 0.0, Steps/sec: 675.5, Policy Loss: 21.5074, Value Loss: 0.4304
2025-09-17 13:09:09,745 - src.training.trainer - INFO - Timesteps: 50176/300000, Episodes: 47827, Avg Reward: -8.65, Avg Length: 0.0, Steps/sec: 677.4, Policy Loss: 32.8308, Value Loss: 0.6317
2025-09-17 13:09:11,683 - src.training.trainer - INFO - Timesteps: 51200/300000, Episodes: 48803, Avg Reward: -8.61, Avg Length: 0.0, Steps/sec: 665.6, Policy Loss: 24.7538, Value Loss: 0.8200
2025-09-17 13:09:13,609 - src.training.trainer - INFO - Timesteps: 52224/300000, Episodes: 49779, Avg Reward: -8.61, Avg Length: 0.0, Steps/sec: 680.8, Policy Loss: 32.7791, Value Loss: 0.7831
2025-09-17 13:09:15,554 - src.training.trainer - INFO - Timesteps: 53248/300000, Episodes: 50755, Avg Reward: -8.63, Avg Length: 0.0, Steps/sec: 677.8, Policy Loss: 32.3881, Value Loss: 0.6550
2025-09-17 13:09:17,512 - src.training.trainer - INFO - Timesteps: 54272/300000, Episodes: 51731, Avg Reward: -7.60, Avg Length: 0.0, Steps/sec: 672.3, Policy Loss: 31.1258, Value Loss: 0.6780
2025-09-17 13:09:19,441 - src.training.trainer - INFO - Timesteps: 55296/300000, Episodes: 52707, Avg Reward: -8.64, Avg Length: 0.0, Steps/sec: 680.1, Policy Loss: 18.2191, Value Loss: 0.4566
2025-09-17 13:09:21,375 - src.training.trainer - INFO - Timesteps: 56320/300000, Episodes: 53683, Avg Reward: -8.70, Avg Length: 0.0, Steps/sec: 673.8, Policy Loss: 11.0830, Value Loss: 0.4230
2025-09-17 13:09:23,309 - src.training.trainer - INFO - Timesteps: 57344/300000, Episodes: 54659, Avg Reward: -8.65, Avg Length: 0.0, Steps/sec: 668.6, Policy Loss: 6.2405, Value Loss: 0.4703
2025-09-17 13:09:25,216 - src.training.trainer - INFO - Timesteps: 58368/300000, Episodes: 55635, Avg Reward: -7.69, Avg Length: 0.0, Steps/sec: 683.7, Policy Loss: 5.7644, Value Loss: 0.6018
2025-09-17 13:09:27,155 - src.training.trainer - INFO - Timesteps: 59392/300000, Episodes: 56611, Avg Reward: -8.70, Avg Length: 0.0, Steps/sec: 672.3, Policy Loss: 6.8429, Value Loss: 0.6844
2025-09-17 13:09:29,088 - src.training.trainer - INFO - Timesteps: 60416/300000, Episodes: 57587, Avg Reward: -8.66, Avg Length: 0.0, Steps/sec: 672.1, Policy Loss: 7.2582, Value Loss: 0.7856
2025-09-17 13:09:31,028 - src.training.trainer - INFO - Timesteps: 61440/300000, Episodes: 58563, Avg Reward: -8.60, Avg Length: 0.0, Steps/sec: 674.9, Policy Loss: 6.4039, Value Loss: 0.7626
2025-09-17 13:09:32,959 - src.training.trainer - INFO - Timesteps: 62464/300000, Episodes: 59539, Avg Reward: -8.68, Avg Length: 0.0, Steps/sec: 676.7, Policy Loss: 5.7284, Value Loss: 0.8029
2025-09-17 13:09:34,895 - src.training.trainer - INFO - Timesteps: 63488/300000, Episodes: 60515, Avg Reward: -8.62, Avg Length: 0.0, Steps/sec: 678.4, Policy Loss: 6.4956, Value Loss: 1.0454
2025-09-17 13:09:36,858 - src.training.trainer - INFO - Timesteps: 64512/300000, Episodes: 61491, Avg Reward: -7.62, Avg Length: 0.0, Steps/sec: 671.9, Policy Loss: 4.6349, Value Loss: 1.1764
2025-09-17 13:09:38,770 - src.training.trainer - INFO - Timesteps: 65536/300000, Episodes: 62467, Avg Reward: -8.63, Avg Length: 0.0, Steps/sec: 678.0, Policy Loss: 5.2299, Value Loss: 1.3538
2025-09-17 13:09:40,709 - src.training.trainer - INFO - Timesteps: 66560/300000, Episodes: 63443, Avg Reward: -8.64, Avg Length: 0.0, Steps/sec: 676.3, Policy Loss: 7.4694, Value Loss: 1.1460
2025-09-17 13:09:42,647 - src.training.trainer - INFO - Timesteps: 67584/300000, Episodes: 64419, Avg Reward: -8.66, Avg Length: 0.0, Steps/sec: 679.6, Policy Loss: 3.1473, Value Loss: 1.4745
2025-09-17 13:09:44,572 - src.training.trainer - INFO - Timesteps: 68608/300000, Episodes: 65395, Avg Reward: -7.60, Avg Length: 0.0, Steps/sec: 675.8, Policy Loss: 3.7188, Value Loss: 1.4019
2025-09-17 13:09:46,519 - src.training.trainer - INFO - Timesteps: 69632/300000, Episodes: 66371, Avg Reward: -8.64, Avg Length: 0.0, Steps/sec: 676.7, Policy Loss: 14.7199, Value Loss: 1.2727
2025-09-17 13:09:48,457 - src.training.trainer - INFO - Timesteps: 70656/300000, Episodes: 67347, Avg Reward: -7.62, Avg Length: 0.0, Steps/sec: 677.4, Policy Loss: 12.7897, Value Loss: 0.8048
2025-09-17 13:09:50,380 - src.training.trainer - INFO - Timesteps: 71680/300000, Episodes: 68323, Avg Reward: -8.65, Avg Length: 0.0, Steps/sec: 678.4, Policy Loss: 73.2946, Value Loss: 0.8884
2025-09-17 13:09:52,331 - src.training.trainer - INFO - Timesteps: 72704/300000, Episodes: 69299, Avg Reward: -8.62, Avg Length: 0.0, Steps/sec: 673.3, Policy Loss: 58.6522, Value Loss: 1.0265
2025-09-17 13:09:54,300 - src.training.trainer - INFO - Timesteps: 73728/300000, Episodes: 70275, Avg Reward: -8.68, Avg Length: 0.0, Steps/sec: 678.3, Policy Loss: 75.7357, Value Loss: 0.9627
2025-09-17 13:09:56,254 - src.training.trainer - INFO - Timesteps: 74752/300000, Episodes: 71251, Avg Reward: -8.61, Avg Length: 0.0, Steps/sec: 670.9, Policy Loss: 50.8908, Value Loss: 1.0573
2025-09-17 13:09:58,209 - src.training.trainer - INFO - Timesteps: 75776/300000, Episodes: 72227, Avg Reward: -8.65, Avg Length: 0.0, Steps/sec: 673.1, Policy Loss: 69.2764, Value Loss: 1.1126
2025-09-17 13:10:00,183 - src.training.trainer - INFO - Timesteps: 76800/300000, Episodes: 73203, Avg Reward: -7.61, Avg Length: 0.0, Steps/sec: 668.0, Policy Loss: 61.6230, Value Loss: 1.4911
2025-09-17 13:10:02,171 - src.training.trainer - INFO - Timesteps: 77824/300000, Episodes: 74179, Avg Reward: -8.62, Avg Length: 0.0, Steps/sec: 668.5, Policy Loss: 130.9749, Value Loss: 1.6694
2025-09-17 13:10:04,143 - src.training.trainer - INFO - Timesteps: 78848/300000, Episodes: 75155, Avg Reward: -8.65, Avg Length: 0.0, Steps/sec: 670.2, Policy Loss: 79.0308, Value Loss: 2.2686
2025-09-17 13:10:06,120 - src.training.trainer - INFO - Timesteps: 79872/300000, Episodes: 76131, Avg Reward: -7.59, Avg Length: 0.0, Steps/sec: 666.0, Policy Loss: 77.7194, Value Loss: 2.6339
2025-09-17 13:10:08,085 - src.training.trainer - INFO - Timesteps: 80896/300000, Episodes: 77107, Avg Reward: -8.65, Avg Length: 0.0, Steps/sec: 674.4, Policy Loss: 100.8271, Value Loss: 1.4740
2025-09-17 13:10:10,066 - src.training.trainer - INFO - Timesteps: 81920/300000, Episodes: 78083, Avg Reward: -8.70, Avg Length: 0.0, Steps/sec: 674.2, Policy Loss: 162.9202, Value Loss: 1.2512
2025-09-17 13:10:12,035 - src.training.trainer - INFO - Timesteps: 82944/300000, Episodes: 79059, Avg Reward: -8.67, Avg Length: 0.0, Steps/sec: 660.4, Policy Loss: 84.3308, Value Loss: 1.3194
2025-09-17 13:10:14,034 - src.training.trainer - INFO - Timesteps: 83968/300000, Episodes: 80035, Avg Reward: -7.62, Avg Length: 0.0, Steps/sec: 665.7, Policy Loss: 143.8382, Value Loss: 1.5551
2025-09-17 13:10:16,003 - src.training.trainer - INFO - Timesteps: 84992/300000, Episodes: 81011, Avg Reward: -8.64, Avg Length: 0.0, Steps/sec: 669.6, Policy Loss: 154.3215, Value Loss: 1.3227
2025-09-17 13:10:17,989 - src.training.trainer - INFO - Timesteps: 86016/300000, Episodes: 81987, Avg Reward: -8.70, Avg Length: 0.0, Steps/sec: 665.8, Policy Loss: 110.8067, Value Loss: 1.4432
2025-09-17 13:10:19,949 - src.training.trainer - INFO - Timesteps: 87040/300000, Episodes: 82963, Avg Reward: -8.62, Avg Length: 0.0, Steps/sec: 668.5, Policy Loss: 103.1374, Value Loss: 0.7063
2025-09-17 13:10:21,906 - src.training.trainer - INFO - Timesteps: 88064/300000, Episodes: 83939, Avg Reward: -8.63, Avg Length: 0.0, Steps/sec: 672.8, Policy Loss: 75.4362, Value Loss: 0.5832
2025-09-17 13:10:23,842 - src.training.trainer - INFO - Timesteps: 89088/300000, Episodes: 84915, Avg Reward: -7.62, Avg Length: 0.0, Steps/sec: 679.7, Policy Loss: 105.0320, Value Loss: 0.5679
2025-09-17 13:10:25,821 - src.training.trainer - INFO - Timesteps: 90112/300000, Episodes: 85891, Avg Reward: -7.62, Avg Length: 0.0, Steps/sec: 665.9, Policy Loss: 68.8686, Value Loss: 0.8601
2025-09-17 13:10:27,814 - src.training.trainer - INFO - Timesteps: 91136/300000, Episodes: 86867, Avg Reward: -8.64, Avg Length: 0.0, Steps/sec: 664.3, Policy Loss: 63.5477, Value Loss: 1.0154
2025-09-17 13:10:29,787 - src.training.trainer - INFO - Timesteps: 92160/300000, Episodes: 87843, Avg Reward: -8.67, Avg Length: 0.0, Steps/sec: 673.1, Policy Loss: 11.0171, Value Loss: 0.6693
2025-09-17 13:10:31,825 - src.training.trainer - INFO - Timesteps: 93184/300000, Episodes: 88819, Avg Reward: -8.64, Avg Length: 0.0, Steps/sec: 641.9, Policy Loss: 14.2741, Value Loss: 1.4175
2025-09-17 13:10:33,805 - src.training.trainer - INFO - Timesteps: 94208/300000, Episodes: 89795, Avg Reward: -8.62, Avg Length: 0.0, Steps/sec: 670.5, Policy Loss: 9.4288, Value Loss: 0.8209
2025-09-17 13:10:35,788 - src.training.trainer - INFO - Timesteps: 95232/300000, Episodes: 90771, Avg Reward: -8.64, Avg Length: 0.0, Steps/sec: 668.5, Policy Loss: 13.0253, Value Loss: 0.8204
2025-09-17 13:10:37,773 - src.training.trainer - INFO - Timesteps: 96256/300000, Episodes: 91747, Avg Reward: -8.60, Avg Length: 0.0, Steps/sec: 666.0, Policy Loss: 12.3844, Value Loss: 1.0862
2025-09-17 13:10:39,754 - src.training.trainer - INFO - Timesteps: 97280/300000, Episodes: 92723, Avg Reward: -8.65, Avg Length: 0.0, Steps/sec: 660.8, Policy Loss: 20.2986, Value Loss: 0.6866
2025-09-17 13:10:41,741 - src.training.trainer - INFO - Timesteps: 98304/300000, Episodes: 93699, Avg Reward: -7.62, Avg Length: 0.0, Steps/sec: 667.8, Policy Loss: 17.2664, Value Loss: 0.8015
2025-09-17 13:10:43,722 - src.training.trainer - INFO - Timesteps: 99328/300000, Episodes: 94675, Avg Reward: -7.63, Avg Length: 0.0, Steps/sec: 668.0, Policy Loss: 21.5469, Value Loss: 1.0012
2025-09-17 13:10:45,749 - src.training.trainer - INFO - Timesteps: 100352/300000, Episodes: 95651, Avg Reward: -8.69, Avg Length: 0.0, Steps/sec: 664.5, Policy Loss: 13.4041, Value Loss: 1.3575
2025-09-17 13:10:47,719 - src.training.trainer - INFO - Timesteps: 101376/300000, Episodes: 96627, Avg Reward: -7.69, Avg Length: 0.0, Steps/sec: 663.3, Policy Loss: 17.8170, Value Loss: 0.9774
2025-09-17 13:10:49,712 - src.training.trainer - INFO - Timesteps: 102400/300000, Episodes: 97603, Avg Reward: -8.64, Avg Length: 0.0, Steps/sec: 666.7, Policy Loss: 20.5923, Value Loss: 0.9140
2025-09-17 13:10:51,705 - src.training.trainer - INFO - Timesteps: 103424/300000, Episodes: 98579, Avg Reward: -8.62, Avg Length: 0.0, Steps/sec: 663.6, Policy Loss: 13.3525, Value Loss: 0.6346
2025-09-17 13:10:53,682 - src.training.trainer - INFO - Timesteps: 104448/300000, Episodes: 99555, Avg Reward: -8.65, Avg Length: 0.0, Steps/sec: 669.5, Policy Loss: 17.6281, Value Loss: 0.8066
2025-09-17 13:10:55,666 - src.training.trainer - INFO - Timesteps: 105472/300000, Episodes: 100531, Avg Reward: -8.66, Avg Length: 0.0, Steps/sec: 665.8, Policy Loss: 45.7505, Value Loss: 1.3669
2025-09-17 13:10:57,604 - src.training.trainer - INFO - Timesteps: 106496/300000, Episodes: 101507, Avg Reward: -8.65, Avg Length: 0.0, Steps/sec: 677.4, Policy Loss: 17.8950, Value Loss: 1.6559
2025-09-17 13:10:59,595 - src.training.trainer - INFO - Timesteps: 107520/300000, Episodes: 102483, Avg Reward: -8.65, Avg Length: 0.0, Steps/sec: 661.1, Policy Loss: 612.1262, Value Loss: 1.3844
2025-09-17 13:11:01,667 - src.training.trainer - INFO - Timesteps: 108544/300000, Episodes: 103459, Avg Reward: -7.67, Avg Length: 0.0, Steps/sec: 659.7, Policy Loss: 281.6859, Value Loss: 1.3296
2025-09-17 13:11:03,638 - src.training.trainer - INFO - Timesteps: 109568/300000, Episodes: 104435, Avg Reward: -8.65, Avg Length: 0.0, Steps/sec: 663.7, Policy Loss: 453.0344, Value Loss: 1.5070
2025-09-17 13:11:05,613 - src.training.trainer - INFO - Timesteps: 110592/300000, Episodes: 105411, Avg Reward: -8.63, Avg Length: 0.0, Steps/sec: 667.8, Policy Loss: 460.3746, Value Loss: 0.9344
2025-09-17 13:11:07,602 - src.training.trainer - INFO - Timesteps: 111616/300000, Episodes: 106387, Avg Reward: -8.61, Avg Length: 0.0, Steps/sec: 668.0, Policy Loss: 219.9709, Value Loss: 0.6478
2025-09-17 13:11:09,568 - src.training.trainer - INFO - Timesteps: 112640/300000, Episodes: 107363, Avg Reward: -8.66, Avg Length: 0.0, Steps/sec: 675.6, Policy Loss: 547.2514, Value Loss: 0.8304
2025-09-17 13:11:11,542 - src.training.trainer - INFO - Timesteps: 113664/300000, Episodes: 108339, Avg Reward: -8.66, Avg Length: 0.0, Steps/sec: 676.3, Policy Loss: 396.9029, Value Loss: 0.9162
2025-09-17 13:11:13,520 - src.training.trainer - INFO - Timesteps: 114688/300000, Episodes: 109315, Avg Reward: -8.65, Avg Length: 0.0, Steps/sec: 666.5, Policy Loss: 129.7955, Value Loss: 1.5971
2025-09-17 13:11:15,498 - src.training.trainer - INFO - Timesteps: 115712/300000, Episodes: 110291, Avg Reward: -7.58, Avg Length: 0.0, Steps/sec: 669.3, Policy Loss: 22.0335, Value Loss: 1.9947
2025-09-17 13:11:17,468 - src.training.trainer - INFO - Timesteps: 116736/300000, Episodes: 111267, Avg Reward: -8.62, Avg Length: 0.0, Steps/sec: 667.0, Policy Loss: 14.3684, Value Loss: 1.8637
2025-09-17 13:11:19,457 - src.training.trainer - INFO - Timesteps: 117760/300000, Episodes: 112243, Avg Reward: -7.65, Avg Length: 0.0, Steps/sec: 666.7, Policy Loss: 16.0155, Value Loss: 1.3385
2025-09-17 13:11:21,481 - src.training.trainer - INFO - Timesteps: 118784/300000, Episodes: 113219, Avg Reward: -8.70, Avg Length: 0.0, Steps/sec: 665.3, Policy Loss: 8.4258, Value Loss: 0.7928
2025-09-17 13:11:23,487 - src.training.trainer - INFO - Timesteps: 119808/300000, Episodes: 114195, Avg Reward: -8.62, Avg Length: 0.0, Steps/sec: 663.8, Policy Loss: 8.7383, Value Loss: 0.7591
2025-09-17 13:11:25,465 - src.training.trainer - INFO - Timesteps: 120832/300000, Episodes: 115171, Avg Reward: -8.62, Avg Length: 0.0, Steps/sec: 664.6, Policy Loss: 7.4833, Value Loss: 0.9894
2025-09-17 13:11:27,469 - src.training.trainer - INFO - Timesteps: 121856/300000, Episodes: 116147, Avg Reward: -8.64, Avg Length: 0.0, Steps/sec: 660.7, Policy Loss: 5.9753, Value Loss: 1.4121
2025-09-17 13:11:29,476 - src.training.trainer - INFO - Timesteps: 122880/300000, Episodes: 117123, Avg Reward: -8.65, Avg Length: 0.0, Steps/sec: 664.0, Policy Loss: 12.2375, Value Loss: 1.4398
2025-09-17 13:11:31,527 - src.training.trainer - INFO - Timesteps: 123904/300000, Episodes: 118099, Avg Reward: -8.67, Avg Length: 0.0, Steps/sec: 644.9, Policy Loss: 13.7337, Value Loss: 1.7120
2025-09-17 13:11:33,470 - src.training.trainer - INFO - Timesteps: 124928/300000, Episodes: 119075, Avg Reward: -8.61, Avg Length: 0.0, Steps/sec: 676.0, Policy Loss: 6.8478, Value Loss: 2.1744
2025-09-17 13:11:35,400 - src.training.trainer - INFO - Timesteps: 125952/300000, Episodes: 120051, Avg Reward: -8.60, Avg Length: 0.0, Steps/sec: 680.3, Policy Loss: 10.5790, Value Loss: 1.0077
2025-09-17 13:11:37,324 - src.training.trainer - INFO - Timesteps: 126976/300000, Episodes: 121027, Avg Reward: -8.67, Avg Length: 0.0, Steps/sec: 682.7, Policy Loss: 13.5192, Value Loss: 0.8946
2025-09-17 13:11:39,204 - src.training.trainer - INFO - Timesteps: 128000/300000, Episodes: 122003, Avg Reward: -8.64, Avg Length: 0.0, Steps/sec: 692.2, Policy Loss: 15.5641, Value Loss: 1.4183
2025-09-17 13:11:41,117 - src.training.trainer - INFO - Timesteps: 129024/300000, Episodes: 122979, Avg Reward: -8.61, Avg Length: 0.0, Steps/sec: 674.4, Policy Loss: 16.3476, Value Loss: 1.1060
2025-09-17 13:11:43,033 - src.training.trainer - INFO - Timesteps: 130048/300000, Episodes: 123955, Avg Reward: -8.65, Avg Length: 0.0, Steps/sec: 681.1, Policy Loss: 21.4736, Value Loss: 1.3554
2025-09-17 13:11:44,945 - src.training.trainer - INFO - Timesteps: 131072/300000, Episodes: 124931, Avg Reward: -7.61, Avg Length: 0.0, Steps/sec: 677.1, Policy Loss: 10.6588, Value Loss: 1.3747
2025-09-17 13:11:46,864 - src.training.trainer - INFO - Timesteps: 132096/300000, Episodes: 125907, Avg Reward: -7.63, Avg Length: 0.0, Steps/sec: 675.1, Policy Loss: 12.9848, Value Loss: 1.6592
2025-09-17 13:11:48,867 - src.training.trainer - INFO - Timesteps: 133120/300000, Episodes: 126883, Avg Reward: -7.61, Avg Length: 0.0, Steps/sec: 653.7, Policy Loss: 13.4636, Value Loss: 1.3616
2025-09-17 13:11:50,849 - src.training.trainer - INFO - Timesteps: 134144/300000, Episodes: 127859, Avg Reward: -8.60, Avg Length: 0.0, Steps/sec: 671.3, Policy Loss: 12.8501, Value Loss: 1.1689
2025-09-17 13:11:52,810 - src.training.trainer - INFO - Timesteps: 135168/300000, Episodes: 128835, Avg Reward: -7.62, Avg Length: 0.0, Steps/sec: 674.9, Policy Loss: 10.3737, Value Loss: 0.9415
2025-09-17 13:11:54,783 - src.training.trainer - INFO - Timesteps: 136192/300000, Episodes: 129811, Avg Reward: -8.64, Avg Length: 0.0, Steps/sec: 666.8, Policy Loss: 18.7742, Value Loss: 1.2855
2025-09-17 13:11:56,760 - src.training.trainer - INFO - Timesteps: 137216/300000, Episodes: 130787, Avg Reward: -8.61, Avg Length: 0.0, Steps/sec: 666.9, Policy Loss: 13.0919, Value Loss: 1.2762
2025-09-17 13:11:58,690 - src.training.trainer - INFO - Timesteps: 138240/300000, Episodes: 131763, Avg Reward: -8.65, Avg Length: 0.0, Steps/sec: 677.1, Policy Loss: 11.3542, Value Loss: 1.1641
2025-09-17 13:12:00,628 - src.training.trainer - INFO - Timesteps: 139264/300000, Episodes: 132739, Avg Reward: -7.67, Avg Length: 0.0, Steps/sec: 674.0, Policy Loss: 25.6345, Value Loss: 1.5074
2025-09-17 13:12:02,601 - src.training.trainer - INFO - Timesteps: 140288/300000, Episodes: 133715, Avg Reward: -7.62, Avg Length: 0.0, Steps/sec: 659.6, Policy Loss: 17.7614, Value Loss: 2.2177
2025-09-17 13:12:04,515 - src.training.trainer - INFO - Timesteps: 141312/300000, Episodes: 134691, Avg Reward: -7.66, Avg Length: 0.0, Steps/sec: 678.0, Policy Loss: 16.8483, Value Loss: 1.9147
2025-09-17 13:12:06,443 - src.training.trainer - INFO - Timesteps: 142336/300000, Episodes: 135667, Avg Reward: -8.64, Avg Length: 0.0, Steps/sec: 678.9, Policy Loss: 15.2904, Value Loss: 1.8844
2025-09-17 13:12:08,364 - src.training.trainer - INFO - Timesteps: 143360/300000, Episodes: 136643, Avg Reward: -8.64, Avg Length: 0.0, Steps/sec: 677.9, Policy Loss: 14.7912, Value Loss: 1.9767
2025-09-17 13:12:10,282 - src.training.trainer - INFO - Timesteps: 144384/300000, Episodes: 137619, Avg Reward: -8.72, Avg Length: 0.0, Steps/sec: 679.2, Policy Loss: 18.2269, Value Loss: 1.1603
2025-09-17 13:12:12,225 - src.training.trainer - INFO - Timesteps: 145408/300000, Episodes: 138595, Avg Reward: -8.62, Avg Length: 0.0, Steps/sec: 672.4, Policy Loss: 21.9828, Value Loss: 1.4145
2025-09-17 13:12:14,177 - src.training.trainer - INFO - Timesteps: 146432/300000, Episodes: 139571, Avg Reward: -8.63, Avg Length: 0.0, Steps/sec: 666.5, Policy Loss: 25.0128, Value Loss: 1.7581
2025-09-17 13:12:16,110 - src.training.trainer - INFO - Timesteps: 147456/300000, Episodes: 140547, Avg Reward: -8.65, Avg Length: 0.0, Steps/sec: 675.4, Policy Loss: 18.3714, Value Loss: 2.6016
2025-09-17 13:12:18,011 - src.training.trainer - INFO - Timesteps: 148480/300000, Episodes: 141523, Avg Reward: -8.61, Avg Length: 0.0, Steps/sec: 682.2, Policy Loss: 35.7163, Value Loss: 2.3889
2025-09-17 13:12:19,949 - src.training.trainer - INFO - Timesteps: 149504/300000, Episodes: 142499, Avg Reward: -8.63, Avg Length: 0.0, Steps/sec: 677.3, Policy Loss: 22.8635, Value Loss: 1.4195
2025-09-17 13:12:21,873 - src.training.trainer - INFO - Timesteps: 150528/300000, Episodes: 143475, Avg Reward: -8.65, Avg Length: 0.0, Steps/sec: 678.4, Policy Loss: 24.5780, Value Loss: 1.3529
2025-09-17 13:12:23,819 - src.training.trainer - INFO - Timesteps: 151552/300000, Episodes: 144451, Avg Reward: -7.61, Avg Length: 0.0, Steps/sec: 672.5, Policy Loss: 20.2470, Value Loss: 1.3401
2025-09-17 13:12:25,744 - src.training.trainer - INFO - Timesteps: 152576/300000, Episodes: 145427, Avg Reward: -8.62, Avg Length: 0.0, Steps/sec: 679.9, Policy Loss: 15.2438, Value Loss: 1.8164
2025-09-17 13:12:27,648 - src.training.trainer - INFO - Timesteps: 153600/300000, Episodes: 146403, Avg Reward: -8.65, Avg Length: 0.0, Steps/sec: 682.1, Policy Loss: 18.8220, Value Loss: 1.2931
2025-09-17 13:12:29,574 - src.training.trainer - INFO - Timesteps: 154624/300000, Episodes: 147379, Avg Reward: -8.60, Avg Length: 0.0, Steps/sec: 678.5, Policy Loss: 14.8832, Value Loss: 1.5592
2025-09-17 13:12:31,529 - src.training.trainer - INFO - Timesteps: 155648/300000, Episodes: 148355, Avg Reward: -8.65, Avg Length: 0.0, Steps/sec: 674.6, Policy Loss: 33.1016, Value Loss: 2.3554
2025-09-17 13:12:33,442 - src.training.trainer - INFO - Timesteps: 156672/300000, Episodes: 149331, Avg Reward: -7.63, Avg Length: 0.0, Steps/sec: 677.3, Policy Loss: 35.3912, Value Loss: 5.0592
2025-09-17 13:12:35,377 - src.training.trainer - INFO - Timesteps: 157696/300000, Episodes: 150307, Avg Reward: -7.60, Avg Length: 0.0, Steps/sec: 677.1, Policy Loss: 26.2671, Value Loss: 1.2913
2025-09-17 13:12:37,305 - src.training.trainer - INFO - Timesteps: 158720/300000, Episodes: 151283, Avg Reward: -8.73, Avg Length: 0.0, Steps/sec: 682.4, Policy Loss: 25.3920, Value Loss: 2.4185
2025-09-17 13:12:39,221 - src.training.trainer - INFO - Timesteps: 159744/300000, Episodes: 152259, Avg Reward: -8.63, Avg Length: 0.0, Steps/sec: 686.8, Policy Loss: 15.6661, Value Loss: 2.7827
2025-09-17 13:12:41,153 - src.training.trainer - INFO - Timesteps: 160768/300000, Episodes: 153235, Avg Reward: -8.63, Avg Length: 0.0, Steps/sec: 677.2, Policy Loss: 23.9020, Value Loss: 2.8825
2025-09-17 13:12:43,076 - src.training.trainer - INFO - Timesteps: 161792/300000, Episodes: 154211, Avg Reward: -8.61, Avg Length: 0.0, Steps/sec: 683.8, Policy Loss: 33.3031, Value Loss: 2.2750
2025-09-17 13:12:44,987 - src.training.trainer - INFO - Timesteps: 162816/300000, Episodes: 155187, Avg Reward: -8.65, Avg Length: 0.0, Steps/sec: 679.8, Policy Loss: 56.2782, Value Loss: 3.1984
2025-09-17 13:12:46,922 - src.training.trainer - INFO - Timesteps: 163840/300000, Episodes: 156163, Avg Reward: -8.60, Avg Length: 0.0, Steps/sec: 677.8, Policy Loss: 16.8916, Value Loss: 4.1058
2025-09-17 13:12:48,824 - src.training.trainer - INFO - Timesteps: 164864/300000, Episodes: 157139, Avg Reward: -8.61, Avg Length: 0.0, Steps/sec: 682.3, Policy Loss: 18.4123, Value Loss: 5.8754
2025-09-17 13:12:50,725 - src.training.trainer - INFO - Timesteps: 165888/300000, Episodes: 158115, Avg Reward: -8.67, Avg Length: 0.0, Steps/sec: 680.8, Policy Loss: 17.3131, Value Loss: 4.4865
2025-09-17 13:12:52,633 - src.training.trainer - INFO - Timesteps: 166912/300000, Episodes: 159091, Avg Reward: -8.65, Avg Length: 0.0, Steps/sec: 679.1, Policy Loss: 23.3669, Value Loss: 3.4292
2025-09-17 13:12:54,542 - src.training.trainer - INFO - Timesteps: 167936/300000, Episodes: 160067, Avg Reward: -7.61, Avg Length: 0.0, Steps/sec: 679.2, Policy Loss: 33.2087, Value Loss: 2.8258
2025-09-17 13:12:56,458 - src.training.trainer - INFO - Timesteps: 168960/300000, Episodes: 161043, Avg Reward: -8.63, Avg Length: 0.0, Steps/sec: 678.5, Policy Loss: 33.3559, Value Loss: 2.1615
2025-09-17 13:12:58,377 - src.training.trainer - INFO - Timesteps: 169984/300000, Episodes: 162019, Avg Reward: -8.70, Avg Length: 0.0, Steps/sec: 685.5, Policy Loss: 32.9555, Value Loss: 2.0811
2025-09-17 13:13:00,292 - src.training.trainer - INFO - Timesteps: 171008/300000, Episodes: 162995, Avg Reward: -8.70, Avg Length: 0.0, Steps/sec: 678.1, Policy Loss: 18.4319, Value Loss: 1.9381
2025-09-17 13:13:02,241 - src.training.trainer - INFO - Timesteps: 172032/300000, Episodes: 163971, Avg Reward: -8.63, Avg Length: 0.0, Steps/sec: 671.0, Policy Loss: 31.5558, Value Loss: 1.4908
2025-09-17 13:13:04,140 - src.training.trainer - INFO - Timesteps: 173056/300000, Episodes: 164947, Avg Reward: -8.65, Avg Length: 0.0, Steps/sec: 685.0, Policy Loss: 23.9438, Value Loss: 1.3657
2025-09-17 13:13:06,073 - src.training.trainer - INFO - Timesteps: 174080/300000, Episodes: 165923, Avg Reward: -8.67, Avg Length: 0.0, Steps/sec: 679.2, Policy Loss: 15.3146, Value Loss: 1.3474
2025-09-17 13:13:07,986 - src.training.trainer - INFO - Timesteps: 175104/300000, Episodes: 166899, Avg Reward: -8.66, Avg Length: 0.0, Steps/sec: 684.5, Policy Loss: 11.3254, Value Loss: 1.2612
2025-09-17 13:13:09,874 - src.training.trainer - INFO - Timesteps: 176128/300000, Episodes: 167875, Avg Reward: -8.64, Avg Length: 0.0, Steps/sec: 686.2, Policy Loss: 7.6466, Value Loss: 0.9392
2025-09-17 13:13:11,791 - src.training.trainer - INFO - Timesteps: 177152/300000, Episodes: 168851, Avg Reward: -8.65, Avg Length: 0.0, Steps/sec: 682.1, Policy Loss: 5.6755, Value Loss: 0.8521
2025-09-17 13:13:13,721 - src.training.trainer - INFO - Timesteps: 178176/300000, Episodes: 169827, Avg Reward: -8.63, Avg Length: 0.0, Steps/sec: 680.5, Policy Loss: 40.8738, Value Loss: 0.7149
2025-09-17 13:13:15,627 - src.training.trainer - INFO - Timesteps: 179200/300000, Episodes: 170803, Avg Reward: -7.62, Avg Length: 0.0, Steps/sec: 685.1, Policy Loss: 52.4956, Value Loss: 0.8500
2025-09-17 13:13:17,542 - src.training.trainer - INFO - Timesteps: 180224/300000, Episodes: 171779, Avg Reward: -8.67, Avg Length: 0.0, Steps/sec: 673.9, Policy Loss: 45.0210, Value Loss: 0.7784
2025-09-17 13:13:19,480 - src.training.trainer - INFO - Timesteps: 181248/300000, Episodes: 172755, Avg Reward: -8.61, Avg Length: 0.0, Steps/sec: 676.4, Policy Loss: 53.8968, Value Loss: 1.5327
2025-09-17 13:13:21,403 - src.training.trainer - INFO - Timesteps: 182272/300000, Episodes: 173731, Avg Reward: -7.63, Avg Length: 0.0, Steps/sec: 681.8, Policy Loss: 36.7020, Value Loss: 1.7304
2025-09-17 13:13:23,334 - src.training.trainer - INFO - Timesteps: 183296/300000, Episodes: 174707, Avg Reward: -7.59, Avg Length: 0.0, Steps/sec: 680.0, Policy Loss: 49.5419, Value Loss: 1.3097
2025-09-17 13:13:25,271 - src.training.trainer - INFO - Timesteps: 184320/300000, Episodes: 175683, Avg Reward: -8.73, Avg Length: 0.0, Steps/sec: 676.0, Policy Loss: 34.5714, Value Loss: 1.9044
2025-09-17 13:13:27,199 - src.training.trainer - INFO - Timesteps: 185344/300000, Episodes: 176659, Avg Reward: -8.62, Avg Length: 0.0, Steps/sec: 681.2, Policy Loss: 49.7295, Value Loss: 3.5095
2025-09-17 13:13:29,122 - src.training.trainer - INFO - Timesteps: 186368/300000, Episodes: 177635, Avg Reward: -8.65, Avg Length: 0.0, Steps/sec: 683.5, Policy Loss: 8.7463, Value Loss: 2.4061
2025-09-17 13:13:31,045 - src.training.trainer - INFO - Timesteps: 187392/300000, Episodes: 178611, Avg Reward: -7.62, Avg Length: 0.0, Steps/sec: 684.1, Policy Loss: 7.6130, Value Loss: 2.2809
2025-09-17 13:13:32,976 - src.training.trainer - INFO - Timesteps: 188416/300000, Episodes: 179587, Avg Reward: -7.63, Avg Length: 0.0, Steps/sec: 679.0, Policy Loss: 10.9382, Value Loss: 2.6794
2025-09-17 13:13:34,889 - src.training.trainer - INFO - Timesteps: 189440/300000, Episodes: 180563, Avg Reward: -8.60, Avg Length: 0.0, Steps/sec: 687.6, Policy Loss: 9.6743, Value Loss: 3.4236
2025-09-17 13:13:36,811 - src.training.trainer - INFO - Timesteps: 190464/300000, Episodes: 181539, Avg Reward: -7.63, Avg Length: 0.0, Steps/sec: 679.0, Policy Loss: 12.6677, Value Loss: 2.6011
2025-09-17 13:13:38,723 - src.training.trainer - INFO - Timesteps: 191488/300000, Episodes: 182515, Avg Reward: -7.62, Avg Length: 0.0, Steps/sec: 677.1, Policy Loss: 12.4737, Value Loss: 2.7318
2025-09-17 13:13:40,634 - src.training.trainer - INFO - Timesteps: 192512/300000, Episodes: 183491, Avg Reward: -7.62, Avg Length: 0.0, Steps/sec: 681.8, Policy Loss: 14.6160, Value Loss: 2.3914
2025-09-17 13:13:42,538 - src.training.trainer - INFO - Timesteps: 193536/300000, Episodes: 184467, Avg Reward: -8.61, Avg Length: 0.0, Steps/sec: 680.8, Policy Loss: 17.9323, Value Loss: 2.1975
2025-09-17 13:13:44,423 - src.training.trainer - INFO - Timesteps: 194560/300000, Episodes: 185443, Avg Reward: -7.63, Avg Length: 0.0, Steps/sec: 683.3, Policy Loss: 17.1928, Value Loss: 2.0145
2025-09-17 13:13:46,348 - src.training.trainer - INFO - Timesteps: 195584/300000, Episodes: 186419, Avg Reward: -8.64, Avg Length: 0.0, Steps/sec: 682.0, Policy Loss: 12.0669, Value Loss: 2.1034
2025-09-17 13:13:48,283 - src.training.trainer - INFO - Timesteps: 196608/300000, Episodes: 187395, Avg Reward: -8.62, Avg Length: 0.0, Steps/sec: 678.2, Policy Loss: 13.3340, Value Loss: 2.8349
2025-09-17 13:13:50,183 - src.training.trainer - INFO - Timesteps: 197632/300000, Episodes: 188371, Avg Reward: -7.63, Avg Length: 0.0, Steps/sec: 679.6, Policy Loss: 14.1872, Value Loss: 2.1033
2025-09-17 13:13:52,082 - src.training.trainer - INFO - Timesteps: 198656/300000, Episodes: 189347, Avg Reward: -8.65, Avg Length: 0.0, Steps/sec: 681.8, Policy Loss: 9.0860, Value Loss: 1.5317
2025-09-17 13:13:54,006 - src.training.trainer - INFO - Timesteps: 199680/300000, Episodes: 190323, Avg Reward: -7.61, Avg Length: 0.0, Steps/sec: 682.9, Policy Loss: 45.4506, Value Loss: 2.5910
2025-09-17 13:13:55,931 - src.training.trainer - INFO - Timesteps: 200704/300000, Episodes: 191299, Avg Reward: -8.68, Avg Length: 0.0, Steps/sec: 679.0, Policy Loss: 23.6391, Value Loss: 1.7179
2025-09-17 13:13:57,822 - src.training.trainer - INFO - Timesteps: 201728/300000, Episodes: 192275, Avg Reward: -7.62, Avg Length: 0.0, Steps/sec: 684.3, Policy Loss: 41.5833, Value Loss: 1.7774
2025-09-17 13:13:59,704 - src.training.trainer - INFO - Timesteps: 202752/300000, Episodes: 193251, Avg Reward: -7.63, Avg Length: 0.0, Steps/sec: 692.9, Policy Loss: 90.9861, Value Loss: 2.0911
2025-09-17 13:14:01,668 - src.training.trainer - INFO - Timesteps: 203776/300000, Episodes: 194227, Avg Reward: -7.62, Avg Length: 0.0, Steps/sec: 676.6, Policy Loss: 61.5113, Value Loss: 3.9902
2025-09-17 13:14:03,578 - src.training.trainer - INFO - Timesteps: 204800/300000, Episodes: 195203, Avg Reward: -8.62, Avg Length: 0.0, Steps/sec: 682.0, Policy Loss: 53.4715, Value Loss: 4.7596
2025-09-17 13:14:05,469 - src.training.trainer - INFO - Timesteps: 205824/300000, Episodes: 196179, Avg Reward: -8.65, Avg Length: 0.0, Steps/sec: 685.8, Policy Loss: 75.2155, Value Loss: 4.6828
2025-09-17 13:14:07,370 - src.training.trainer - INFO - Timesteps: 206848/300000, Episodes: 197155, Avg Reward: -6.62, Avg Length: 0.0, Steps/sec: 680.7, Policy Loss: 51.7514, Value Loss: 4.4668
2025-09-17 13:14:09,294 - src.training.trainer - INFO - Timesteps: 207872/300000, Episodes: 198131, Avg Reward: -8.67, Avg Length: 0.0, Steps/sec: 682.8, Policy Loss: 20.4133, Value Loss: 6.3327
2025-09-17 13:14:11,214 - src.training.trainer - INFO - Timesteps: 208896/300000, Episodes: 199107, Avg Reward: -7.60, Avg Length: 0.0, Steps/sec: 684.6, Policy Loss: 21.7952, Value Loss: 4.3685
2025-09-17 13:14:13,151 - src.training.trainer - INFO - Timesteps: 209920/300000, Episodes: 200083, Avg Reward: -7.66, Avg Length: 0.0, Steps/sec: 676.9, Policy Loss: 22.6745, Value Loss: 2.8977
2025-09-17 13:14:15,097 - src.training.trainer - INFO - Timesteps: 210944/300000, Episodes: 201059, Avg Reward: -8.66, Avg Length: 0.0, Steps/sec: 672.7, Policy Loss: 14.3439, Value Loss: 2.3138
2025-09-17 13:14:17,036 - src.training.trainer - INFO - Timesteps: 211968/300000, Episodes: 202035, Avg Reward: -8.63, Avg Length: 0.0, Steps/sec: 676.5, Policy Loss: 20.1661, Value Loss: 2.5833
2025-09-17 13:14:18,961 - src.training.trainer - INFO - Timesteps: 212992/300000, Episodes: 203011, Avg Reward: -8.68, Avg Length: 0.0, Steps/sec: 682.6, Policy Loss: 14.0014, Value Loss: 3.2608
2025-09-17 13:14:20,877 - src.training.trainer - INFO - Timesteps: 214016/300000, Episodes: 203987, Avg Reward: -8.65, Avg Length: 0.0, Steps/sec: 687.0, Policy Loss: 5.6672, Value Loss: 5.4817
2025-09-17 13:14:22,799 - src.training.trainer - INFO - Timesteps: 215040/300000, Episodes: 204963, Avg Reward: -8.62, Avg Length: 0.0, Steps/sec: 684.4, Policy Loss: 7.4853, Value Loss: 5.0964
2025-09-17 13:14:24,714 - src.training.trainer - INFO - Timesteps: 216064/300000, Episodes: 205939, Avg Reward: -8.65, Avg Length: 0.0, Steps/sec: 687.6, Policy Loss: 6.5656, Value Loss: 4.1129
2025-09-17 13:14:26,634 - src.training.trainer - INFO - Timesteps: 217088/300000, Episodes: 206915, Avg Reward: -8.68, Avg Length: 0.0, Steps/sec: 685.4, Policy Loss: 8.0063, Value Loss: 4.6855
2025-09-17 13:14:28,567 - src.training.trainer - INFO - Timesteps: 218112/300000, Episodes: 207891, Avg Reward: -7.65, Avg Length: 0.0, Steps/sec: 679.7, Policy Loss: 11.2640, Value Loss: 2.3148
2025-09-17 13:14:30,474 - src.training.trainer - INFO - Timesteps: 219136/300000, Episodes: 208867, Avg Reward: -8.62, Avg Length: 0.0, Steps/sec: 691.0, Policy Loss: 11.0819, Value Loss: 2.0867
2025-09-17 13:14:32,418 - src.training.trainer - INFO - Timesteps: 220160/300000, Episodes: 209843, Avg Reward: -7.65, Avg Length: 0.0, Steps/sec: 674.3, Policy Loss: 16.7920, Value Loss: 4.0148
2025-09-17 13:14:34,338 - src.training.trainer - INFO - Timesteps: 221184/300000, Episodes: 210819, Avg Reward: -8.66, Avg Length: 0.0, Steps/sec: 682.0, Policy Loss: 16.3488, Value Loss: 5.4214
2025-09-17 13:14:36,254 - src.training.trainer - INFO - Timesteps: 222208/300000, Episodes: 211795, Avg Reward: -7.64, Avg Length: 0.0, Steps/sec: 681.1, Policy Loss: 19.6696, Value Loss: 5.5541
2025-09-17 13:14:38,187 - src.training.trainer - INFO - Timesteps: 223232/300000, Episodes: 212771, Avg Reward: -8.66, Avg Length: 0.0, Steps/sec: 678.9, Policy Loss: 19.4462, Value Loss: 9.0461
2025-09-17 13:14:40,117 - src.training.trainer - INFO - Timesteps: 224256/300000, Episodes: 213747, Avg Reward: -7.64, Avg Length: 0.0, Steps/sec: 680.2, Policy Loss: 18.8409, Value Loss: 8.8804
2025-09-17 13:14:42,021 - src.training.trainer - INFO - Timesteps: 225280/300000, Episodes: 214723, Avg Reward: -8.67, Avg Length: 0.0, Steps/sec: 679.3, Policy Loss: 26.1750, Value Loss: 7.2523
2025-09-17 13:14:43,932 - src.training.trainer - INFO - Timesteps: 226304/300000, Episodes: 215699, Avg Reward: -8.66, Avg Length: 0.0, Steps/sec: 678.3, Policy Loss: 50.5688, Value Loss: 8.4825
2025-09-17 13:14:45,836 - src.training.trainer - INFO - Timesteps: 227328/300000, Episodes: 216675, Avg Reward: -7.60, Avg Length: 0.0, Steps/sec: 681.7, Policy Loss: 36.7874, Value Loss: 8.2590
2025-09-17 13:14:47,764 - src.training.trainer - INFO - Timesteps: 228352/300000, Episodes: 217651, Avg Reward: -8.68, Avg Length: 0.0, Steps/sec: 681.3, Policy Loss: 38.9782, Value Loss: 8.4411
2025-09-17 13:14:49,694 - src.training.trainer - INFO - Timesteps: 229376/300000, Episodes: 218627, Avg Reward: -8.64, Avg Length: 0.0, Steps/sec: 679.9, Policy Loss: 34.5014, Value Loss: 10.8723
2025-09-17 13:14:51,600 - src.training.trainer - INFO - Timesteps: 230400/300000, Episodes: 219603, Avg Reward: -8.65, Avg Length: 0.0, Steps/sec: 682.0, Policy Loss: 31.9605, Value Loss: 16.8963
2025-09-17 13:14:53,518 - src.training.trainer - INFO - Timesteps: 231424/300000, Episodes: 220579, Avg Reward: -7.63, Avg Length: 0.0, Steps/sec: 683.8, Policy Loss: 43.6230, Value Loss: 8.9975
2025-09-17 13:14:55,444 - src.training.trainer - INFO - Timesteps: 232448/300000, Episodes: 221555, Avg Reward: -7.62, Avg Length: 0.0, Steps/sec: 682.7, Policy Loss: 33.1922, Value Loss: 9.6491
2025-09-17 13:14:57,329 - src.training.trainer - INFO - Timesteps: 233472/300000, Episodes: 222531, Avg Reward: -8.61, Avg Length: 0.0, Steps/sec: 687.3, Policy Loss: 44.7116, Value Loss: 7.0272
2025-09-17 13:14:59,274 - src.training.trainer - INFO - Timesteps: 234496/300000, Episodes: 223507, Avg Reward: -8.65, Avg Length: 0.0, Steps/sec: 673.1, Policy Loss: 20.0544, Value Loss: 5.5953
2025-09-17 13:15:01,200 - src.training.trainer - INFO - Timesteps: 235520/300000, Episodes: 224483, Avg Reward: -8.62, Avg Length: 0.0, Steps/sec: 680.6, Policy Loss: 21.4671, Value Loss: 3.8180
2025-09-17 13:15:03,145 - src.training.trainer - INFO - Timesteps: 236544/300000, Episodes: 225459, Avg Reward: -8.66, Avg Length: 0.0, Steps/sec: 673.5, Policy Loss: 45.9315, Value Loss: 6.8561
2025-09-17 13:15:05,074 - src.training.trainer - INFO - Timesteps: 237568/300000, Episodes: 226435, Avg Reward: -8.61, Avg Length: 0.0, Steps/sec: 680.8, Policy Loss: 37.0481, Value Loss: 19.6140
2025-09-17 13:15:06,996 - src.training.trainer - INFO - Timesteps: 238592/300000, Episodes: 227411, Avg Reward: -8.62, Avg Length: 0.0, Steps/sec: 683.4, Policy Loss: 25.2999, Value Loss: 17.3061
2025-09-17 13:15:08,927 - src.training.trainer - INFO - Timesteps: 239616/300000, Episodes: 228387, Avg Reward: -8.64, Avg Length: 0.0, Steps/sec: 679.7, Policy Loss: 26.2513, Value Loss: 16.8782
2025-09-17 13:15:10,853 - src.training.trainer - INFO - Timesteps: 240640/300000, Episodes: 229363, Avg Reward: -8.66, Avg Length: 0.0, Steps/sec: 682.1, Policy Loss: 29.0738, Value Loss: 15.7600
2025-09-17 13:15:12,776 - src.training.trainer - INFO - Timesteps: 241664/300000, Episodes: 230339, Avg Reward: -8.68, Avg Length: 0.0, Steps/sec: 671.5, Policy Loss: 27.8640, Value Loss: 17.1937
2025-09-17 13:15:14,705 - src.training.trainer - INFO - Timesteps: 242688/300000, Episodes: 231315, Avg Reward: -8.65, Avg Length: 0.0, Steps/sec: 680.9, Policy Loss: 185.8748, Value Loss: 12.6177
2025-09-17 13:15:16,636 - src.training.trainer - INFO - Timesteps: 243712/300000, Episodes: 232291, Avg Reward: -8.62, Avg Length: 0.0, Steps/sec: 679.9, Policy Loss: 61.0106, Value Loss: 16.7663
2025-09-17 13:15:18,543 - src.training.trainer - INFO - Timesteps: 244736/300000, Episodes: 233267, Avg Reward: -8.61, Avg Length: 0.0, Steps/sec: 683.8, Policy Loss: 137.5572, Value Loss: 19.2292
2025-09-17 13:15:20,433 - src.training.trainer - INFO - Timesteps: 245760/300000, Episodes: 234243, Avg Reward: -7.60, Avg Length: 0.0, Steps/sec: 689.2, Policy Loss: 115.5198, Value Loss: 17.5254
2025-09-17 13:15:22,344 - src.training.trainer - INFO - Timesteps: 246784/300000, Episodes: 235219, Avg Reward: -7.69, Avg Length: 0.0, Steps/sec: 684.4, Policy Loss: 184.8723, Value Loss: 7.1399
2025-09-17 13:15:24,261 - src.training.trainer - INFO - Timesteps: 247808/300000, Episodes: 236195, Avg Reward: -8.63, Avg Length: 0.0, Steps/sec: 686.8, Policy Loss: 85.7663, Value Loss: 8.3570
2025-09-17 13:15:26,148 - src.training.trainer - INFO - Timesteps: 248832/300000, Episodes: 237171, Avg Reward: -8.65, Avg Length: 0.0, Steps/sec: 686.5, Policy Loss: 86.1359, Value Loss: 8.0467
2025-09-17 13:15:28,082 - src.training.trainer - INFO - Timesteps: 249856/300000, Episodes: 238147, Avg Reward: -8.64, Avg Length: 0.0, Steps/sec: 678.2, Policy Loss: 139.5391, Value Loss: 5.8520
2025-09-17 13:15:30,006 - src.training.trainer - INFO - Timesteps: 250880/300000, Episodes: 239123, Avg Reward: -8.64, Avg Length: 0.0, Steps/sec: 680.6, Policy Loss: 38.5289, Value Loss: 5.1750
2025-09-17 13:15:31,948 - src.training.trainer - INFO - Timesteps: 251904/300000, Episodes: 240099, Avg Reward: -8.64, Avg Length: 0.0, Steps/sec: 663.9, Policy Loss: 50.9993, Value Loss: 6.8468
2025-09-17 13:15:33,876 - src.training.trainer - INFO - Timesteps: 252928/300000, Episodes: 241075, Avg Reward: -7.62, Avg Length: 0.0, Steps/sec: 682.3, Policy Loss: 40.8992, Value Loss: 11.0878
2025-09-17 13:15:35,787 - src.training.trainer - INFO - Timesteps: 253952/300000, Episodes: 242051, Avg Reward: -8.60, Avg Length: 0.0, Steps/sec: 686.5, Policy Loss: 57.7203, Value Loss: 13.2603
2025-09-17 13:15:37,715 - src.training.trainer - INFO - Timesteps: 254976/300000, Episodes: 243027, Avg Reward: -8.63, Avg Length: 0.0, Steps/sec: 681.3, Policy Loss: 81.0015, Value Loss: 10.0019
2025-09-17 13:15:39,605 - src.training.trainer - INFO - Timesteps: 256000/300000, Episodes: 244003, Avg Reward: -8.62, Avg Length: 0.0, Steps/sec: 685.6, Policy Loss: 78.9571, Value Loss: 7.1828
2025-09-17 13:15:41,515 - src.training.trainer - INFO - Timesteps: 257024/300000, Episodes: 244979, Avg Reward: -8.68, Avg Length: 0.0, Steps/sec: 676.0, Policy Loss: 56.8471, Value Loss: 9.3089
2025-09-17 13:15:43,414 - src.training.trainer - INFO - Timesteps: 258048/300000, Episodes: 245955, Avg Reward: -7.61, Avg Length: 0.0, Steps/sec: 681.7, Policy Loss: 48.0418, Value Loss: 4.2303
2025-09-17 13:15:45,339 - src.training.trainer - INFO - Timesteps: 259072/300000, Episodes: 246931, Avg Reward: -7.61, Avg Length: 0.0, Steps/sec: 680.5, Policy Loss: 47.2270, Value Loss: 3.5897
2025-09-17 13:15:47,253 - src.training.trainer - INFO - Timesteps: 260096/300000, Episodes: 247907, Avg Reward: -8.63, Avg Length: 0.0, Steps/sec: 687.5, Policy Loss: 53.6243, Value Loss: 3.5870
2025-09-17 13:15:49,155 - src.training.trainer - INFO - Timesteps: 261120/300000, Episodes: 248883, Avg Reward: -7.62, Avg Length: 0.0, Steps/sec: 683.5, Policy Loss: 53.9667, Value Loss: 7.2677
2025-09-17 13:15:51,093 - src.training.trainer - INFO - Timesteps: 262144/300000, Episodes: 249859, Avg Reward: -8.64, Avg Length: 0.0, Steps/sec: 676.9, Policy Loss: 23.6567, Value Loss: 5.2172
2025-09-17 13:15:53,012 - src.training.trainer - INFO - Timesteps: 263168/300000, Episodes: 250835, Avg Reward: -7.61, Avg Length: 0.0, Steps/sec: 684.8, Policy Loss: 17.2349, Value Loss: 3.6996
2025-09-17 13:15:54,950 - src.training.trainer - INFO - Timesteps: 264192/300000, Episodes: 251811, Avg Reward: -8.63, Avg Length: 0.0, Steps/sec: 676.9, Policy Loss: 9.3176, Value Loss: 7.2809
2025-09-17 13:15:56,878 - src.training.trainer - INFO - Timesteps: 265216/300000, Episodes: 252787, Avg Reward: -8.63, Avg Length: 0.0, Steps/sec: 681.0, Policy Loss: 12.9917, Value Loss: 10.0346
2025-09-17 13:15:58,798 - src.training.trainer - INFO - Timesteps: 266240/300000, Episodes: 253763, Avg Reward: -8.65, Avg Length: 0.0, Steps/sec: 684.4, Policy Loss: 16.7350, Value Loss: 5.4617
2025-09-17 13:16:00,724 - src.training.trainer - INFO - Timesteps: 267264/300000, Episodes: 254739, Avg Reward: -8.66, Avg Length: 0.0, Steps/sec: 681.4, Policy Loss: 14.3087, Value Loss: 8.3687
2025-09-17 13:16:02,674 - src.training.trainer - INFO - Timesteps: 268288/300000, Episodes: 255715, Avg Reward: -7.62, Avg Length: 0.0, Steps/sec: 670.5, Policy Loss: 30.2547, Value Loss: 4.0509
2025-09-17 13:16:04,606 - src.training.trainer - INFO - Timesteps: 269312/300000, Episodes: 256691, Avg Reward: -7.62, Avg Length: 0.0, Steps/sec: 679.5, Policy Loss: 16.1771, Value Loss: 9.7316
2025-09-17 13:16:06,509 - src.training.trainer - INFO - Timesteps: 270336/300000, Episodes: 257667, Avg Reward: -8.69, Avg Length: 0.0, Steps/sec: 680.6, Policy Loss: 21.4752, Value Loss: 13.2552
2025-09-17 13:16:08,429 - src.training.trainer - INFO - Timesteps: 271360/300000, Episodes: 258643, Avg Reward: -8.65, Avg Length: 0.0, Steps/sec: 684.3, Policy Loss: 31.7105, Value Loss: 16.4542
2025-09-17 13:16:10,349 - src.training.trainer - INFO - Timesteps: 272384/300000, Episodes: 259619, Avg Reward: -7.61, Avg Length: 0.0, Steps/sec: 684.4, Policy Loss: 34.7117, Value Loss: 5.2682
2025-09-17 13:16:12,286 - src.training.trainer - INFO - Timesteps: 273408/300000, Episodes: 260595, Avg Reward: -8.65, Avg Length: 0.0, Steps/sec: 675.4, Policy Loss: 23.0418, Value Loss: 5.4125
2025-09-17 13:16:14,216 - src.training.trainer - INFO - Timesteps: 274432/300000, Episodes: 261571, Avg Reward: -8.66, Avg Length: 0.0, Steps/sec: 680.0, Policy Loss: 23.6278, Value Loss: 3.4343
2025-09-17 13:16:16,147 - src.training.trainer - INFO - Timesteps: 275456/300000, Episodes: 262547, Avg Reward: -7.61, Avg Length: 0.0, Steps/sec: 683.0, Policy Loss: 14.9729, Value Loss: 1.9900
2025-09-17 13:16:18,059 - src.training.trainer - INFO - Timesteps: 276480/300000, Episodes: 263523, Avg Reward: -8.69, Avg Length: 0.0, Steps/sec: 679.4, Policy Loss: 11.0391, Value Loss: 1.8555
2025-09-17 13:16:19,972 - src.training.trainer - INFO - Timesteps: 277504/300000, Episodes: 264499, Avg Reward: -8.61, Avg Length: 0.0, Steps/sec: 685.3, Policy Loss: 13.1626, Value Loss: 2.6823
2025-09-17 13:16:21,904 - src.training.trainer - INFO - Timesteps: 278528/300000, Episodes: 265475, Avg Reward: -8.69, Avg Length: 0.0, Steps/sec: 677.0, Policy Loss: 14.4927, Value Loss: 2.4678
2025-09-17 13:16:23,806 - src.training.trainer - INFO - Timesteps: 279552/300000, Episodes: 266451, Avg Reward: -8.63, Avg Length: 0.0, Steps/sec: 684.7, Policy Loss: 13.9086, Value Loss: 2.2221
2025-09-17 13:16:25,740 - src.training.trainer - INFO - Timesteps: 280576/300000, Episodes: 267427, Avg Reward: -8.61, Avg Length: 0.0, Steps/sec: 677.3, Policy Loss: 12.9448, Value Loss: 3.0272
2025-09-17 13:16:27,645 - src.training.trainer - INFO - Timesteps: 281600/300000, Episodes: 268403, Avg Reward: -8.71, Avg Length: 0.0, Steps/sec: 681.4, Policy Loss: 7.1303, Value Loss: 2.5259
2025-09-17 13:16:29,570 - src.training.trainer - INFO - Timesteps: 282624/300000, Episodes: 269379, Avg Reward: -8.64, Avg Length: 0.0, Steps/sec: 675.6, Policy Loss: 5.3287, Value Loss: 5.0778
2025-09-17 13:16:31,534 - src.training.trainer - INFO - Timesteps: 283648/300000, Episodes: 270355, Avg Reward: -7.61, Avg Length: 0.0, Steps/sec: 677.9, Policy Loss: 6.9722, Value Loss: 5.6529
2025-09-17 13:16:33,459 - src.training.trainer - INFO - Timesteps: 284672/300000, Episodes: 271331, Avg Reward: -7.63, Avg Length: 0.0, Steps/sec: 682.6, Policy Loss: 6.1358, Value Loss: 8.5630
2025-09-17 13:16:35,385 - src.training.trainer - INFO - Timesteps: 285696/300000, Episodes: 272307, Avg Reward: -8.66, Avg Length: 0.0, Steps/sec: 681.9, Policy Loss: 6.6435, Value Loss: 8.6738
2025-09-17 13:16:37,324 - src.training.trainer - INFO - Timesteps: 286720/300000, Episodes: 273283, Avg Reward: -8.65, Avg Length: 0.0, Steps/sec: 675.8, Policy Loss: 5.7503, Value Loss: 9.3548
2025-09-17 13:16:39,249 - src.training.trainer - INFO - Timesteps: 287744/300000, Episodes: 274259, Avg Reward: -8.67, Avg Length: 0.0, Steps/sec: 682.3, Policy Loss: 5.5838, Value Loss: 19.3248
2025-09-17 13:16:41,181 - src.training.trainer - INFO - Timesteps: 288768/300000, Episodes: 275235, Avg Reward: -8.64, Avg Length: 0.0, Steps/sec: 679.5, Policy Loss: 9.4108, Value Loss: 20.6677
2025-09-17 13:16:43,081 - src.training.trainer - INFO - Timesteps: 289792/300000, Episodes: 276211, Avg Reward: -7.64, Avg Length: 0.0, Steps/sec: 680.4, Policy Loss: 9.3087, Value Loss: 17.4261
2025-09-17 13:16:44,971 - src.training.trainer - INFO - Timesteps: 290816/300000, Episodes: 277187, Avg Reward: -8.61, Avg Length: 0.0, Steps/sec: 686.1, Policy Loss: 10.9411, Value Loss: 16.0008
2025-09-17 13:16:46,883 - src.training.trainer - INFO - Timesteps: 291840/300000, Episodes: 278163, Avg Reward: -7.64, Avg Length: 0.0, Steps/sec: 680.9, Policy Loss: 11.1136, Value Loss: 10.3985
2025-09-17 13:16:48,783 - src.training.trainer - INFO - Timesteps: 292864/300000, Episodes: 279139, Avg Reward: -8.70, Avg Length: 0.0, Steps/sec: 684.7, Policy Loss: 93.5676, Value Loss: 10.5736
2025-09-17 13:16:50,688 - src.training.trainer - INFO - Timesteps: 293888/300000, Episodes: 280115, Avg Reward: -8.73, Avg Length: 0.0, Steps/sec: 683.6, Policy Loss: 61.7934, Value Loss: 8.3539
2025-09-17 13:16:52,584 - src.training.trainer - INFO - Timesteps: 294912/300000, Episodes: 281091, Avg Reward: -8.62, Avg Length: 0.0, Steps/sec: 682.1, Policy Loss: 147.0099, Value Loss: 10.0418
2025-09-17 13:16:54,497 - src.training.trainer - INFO - Timesteps: 295936/300000, Episodes: 282067, Avg Reward: -8.66, Avg Length: 0.0, Steps/sec: 682.2, Policy Loss: 37.0827, Value Loss: 4.4296
2025-09-17 13:16:56,408 - src.training.trainer - INFO - Timesteps: 296960/300000, Episodes: 283043, Avg Reward: -7.60, Avg Length: 0.0, Steps/sec: 679.8, Policy Loss: 96.6598, Value Loss: 2.7117
2025-09-17 13:16:58,324 - src.training.trainer - INFO - Timesteps: 297984/300000, Episodes: 284019, Avg Reward: -7.60, Avg Length: 0.0, Steps/sec: 685.7, Policy Loss: 97.7731, Value Loss: 2.4248
2025-09-17 13:17:00,239 - src.training.trainer - INFO - Timesteps: 299008/300000, Episodes: 284995, Avg Reward: -8.65, Avg Length: 0.0, Steps/sec: 683.4, Policy Loss: 72.5940, Value Loss: 3.7400
2025-09-17 13:17:02,151 - src.training.trainer - INFO - Timesteps: 300032/300000, Episodes: 285971, Avg Reward: -8.64, Avg Length: 0.0, Steps/sec: 675.8, Policy Loss: 110.6558, Value Loss: 5.0940
2025-09-17 13:17:02,151 - src.training.trainer - INFO - 学習完了。最終評価を実行します
2025-09-17 13:17:02,151 - src.training.trainer - INFO - Episode 285971: 評価を実行中...
2025-09-17 13:17:02,151 - src.training.evaluator - INFO - 評価を開始します（エピソード数: 5）
2025-09-17 13:17:02,343 - src.training.evaluator - INFO - Episode 1/5: Reward=-202.00, Success=False, Distance=0.622m, Time=0.02s
2025-09-17 13:17:02,532 - src.training.evaluator - INFO - Episode 2/5: Reward=-215.89, Success=False, Distance=0.622m, Time=0.01s
2025-09-17 13:17:02,726 - src.training.evaluator - INFO - Episode 3/5: Reward=-215.89, Success=False, Distance=0.622m, Time=0.02s
2025-09-17 13:17:02,921 - src.training.evaluator - INFO - Episode 4/5: Reward=-215.89, Success=False, Distance=0.622m, Time=0.02s
2025-09-17 13:17:03,114 - src.training.evaluator - INFO - Episode 5/5: Reward=-215.89, Success=False, Distance=0.622m, Time=0.02s
2025-09-17 13:17:03,120 - src.training.evaluator - INFO - 評価結果を保存しました: data/experiments/1h_training_fixed_logging_20250917_130728/bittle_walking_1758082048/evaluation_results.yaml
2025-09-17 13:17:03,607 - src.training.evaluator - INFO - 評価結果の可視化を保存しました
2025-09-17 13:17:03,607 - src.training.evaluator - INFO - 評価完了
2025-09-17 13:17:03,607 - src.training.trainer - INFO - 評価結果 - Success Rate: 0.00 | Avg Reward: -213.11 | Avg Time: 0.02s | Avg Distance: 0.62m
2025-09-17 13:17:03,611 - src.training.trainer - INFO - 最終モデルを保存しました: data/experiments/1h_training_fixed_logging_20250917_130728/bittle_walking_1758082048/final_model.pth
2025-09-17 13:17:03,612 - src.training.trainer - INFO - 学習結果を保存しました: data/experiments/1h_training_fixed_logging_20250917_130728/bittle_walking_1758082048/training_results.yaml
2025-09-17 13:17:03,612 - src.training.trainer - INFO - 並列学習完了。総時間: 570.4秒
2025-09-17 13:17:03,612 - src.training.trainer - INFO - TensorBoardログ: data/experiments/1h_training_fixed_logging_20250917_130728/bittle_walking_1758082048/tensorboard
2025-09-17 13:17:03,612 - __main__ - INFO - 並列学習完了!
2025-09-17 13:17:03,612 - __main__ - INFO - ==================================================
2025-09-17 13:17:03,612 - __main__ - INFO - 学習結果:
2025-09-17 13:17:03,612 - __main__ - INFO -   num_episodes: 5
2025-09-17 13:17:03,612 - __main__ - INFO -   success_rate: 0.0
2025-09-17 13:17:03,612 - __main__ - INFO -   avg_reward: -213.11007232750268
2025-09-17 13:17:03,612 - __main__ - INFO -   std_reward: 5.553598589173271
2025-09-17 13:17:03,612 - __main__ - INFO -   min_reward: -215.8868716220893
2025-09-17 13:17:03,612 - __main__ - INFO -   max_reward: -202.00287514915613
2025-09-17 13:17:03,612 - __main__ - INFO -   avg_length: 49.0
2025-09-17 13:17:03,612 - __main__ - INFO -   std_length: 0.0
2025-09-17 13:17:03,612 - __main__ - INFO -   avg_time: 0.015341472625732423
2025-09-17 13:17:03,612 - __main__ - INFO -   std_time: 0.0002490402474877164
2025-09-17 13:17:03,612 - __main__ - INFO -   avg_distance: 0.6222160550673529
2025-09-17 13:17:03,612 - __main__ - INFO -   std_distance: 0.0
2025-09-17 13:17:03,612 - __main__ - INFO -   min_distance: 0.6222160550673529
2025-09-17 13:17:03,612 - __main__ - INFO -   max_distance: 0.6222160550673529
2025-09-17 13:17:03,612 - __main__ - INFO -   success_count: 0
2025-09-17 13:17:03,612 - __main__ - INFO -   failure_count: 5
2025-09-17 13:17:03,612 - __main__ - INFO -   avg_forward_rewards: -1.7396740598163476
2025-09-17 13:17:03,612 - __main__ - INFO -   std_forward_rewards: 61.28955109618187
2025-09-17 13:17:03,612 - __main__ - INFO -   avg_stability_rewards: -1.304755544862261
2025-09-17 13:17:03,612 - __main__ - INFO -   std_stability_rewards: 45.96716332213639
2025-09-17 13:17:03,612 - __main__ - INFO -   avg_efficiency_rewards: -0.8698370299081738
2025-09-17 13:17:03,612 - __main__ - INFO -   std_efficiency_rewards: 30.644775548090934
2025-09-17 13:17:03,612 - __main__ - INFO -   avg_penalties: -0.4349185149540869
2025-09-17 13:17:03,612 - __main__ - INFO -   std_penalties: 15.322387774045467
2025-09-17 13:17:03,612 - __main__ - INFO -   avg_positions: 0.3658734403337065
2025-09-17 13:17:03,612 - __main__ - INFO -   std_positions: 0.40081253155094326
2025-09-17 13:17:03,612 - __main__ - INFO -   avg_orientations: 0.30340143700963323
2025-09-17 13:17:03,612 - __main__ - INFO -   std_orientations: 0.3974261793345899
2025-09-17 13:17:03,612 - __main__ - INFO -   avg_joint_angles: nan
2025-09-17 13:17:03,612 - __main__ - INFO -   std_joint_angles: nan
2025-09-17 13:17:03,612 - __main__ - INFO -   avg_joint_velocities: nan
2025-09-17 13:17:03,612 - __main__ - INFO -   std_joint_velocities: nan
2025-09-17 13:17:03,612 - __main__ - INFO -   avg_actions: -0.75
2025-09-17 13:17:03,612 - __main__ - INFO -   std_actions: 0.6614378094673157
2025-09-17 13:17:03,612 - __main__ - INFO -   efficiency: 0.0
2025-09-17 13:17:03,612 - __main__ - INFO -   energy_efficiency: -0.0029196933221961726
2025-09-17 13:17:03,612 - __main__ - INFO - ==================================================
2025-09-17 14:37:36,137 - __main__ - INFO - 並列学習を開始します...
2025-09-17 14:37:36,137 - __main__ - INFO - 設定ファイル: config/training_config_1h.yaml
2025-09-17 14:37:36,137 - __main__ - INFO - 出力ディレクトリ: data/experiments/parallel_training
2025-09-17 14:37:41,736 - src.training.trainer - INFO - 並列トレーナーを初期化しました（環境数: 12）
2025-09-17 14:37:41,736 - src.training.trainer - INFO - TensorBoardログディレクトリ: data/experiments/parallel_training/bittle_walking_1758087456/tensorboard
2025-09-17 14:37:41,736 - src.training.trainer - INFO - TensorBoard起動コマンド: tensorboard --logdir=data/experiments/parallel_training/bittle_walking_1758087456/tensorboard
2025-09-17 14:37:41,736 - __main__ - INFO - 並列環境数: 12
2025-09-17 14:37:41,736 - __main__ - INFO - バッチサイズ: 256
2025-09-17 14:37:41,736 - __main__ - INFO - 総タイムステップ数: 300000
2025-09-17 14:37:41,736 - src.training.trainer - INFO - 並列学習を開始します...
2025-09-17 14:37:45,100 - src.training.trainer - INFO - Timesteps: 1536/300000, Episodes: 1482, Avg Reward: -8.00, Avg Length: 0.0, Steps/sec: 648.9, Policy Loss: 2.7147, Value Loss: 0.7604
2025-09-17 14:37:48,208 - src.training.trainer - INFO - Timesteps: 3072/300000, Episodes: 2966, Avg Reward: -8.04, Avg Length: 0.0, Steps/sec: 690.7, Policy Loss: 2.6805, Value Loss: 1.4735
2025-09-17 14:37:51,324 - src.training.trainer - INFO - Timesteps: 4608/300000, Episodes: 4448, Avg Reward: -8.06, Avg Length: 0.0, Steps/sec: 698.2, Policy Loss: 4.5190, Value Loss: 1.7624
2025-09-17 14:37:54,441 - src.training.trainer - INFO - Timesteps: 6144/300000, Episodes: 5930, Avg Reward: -8.06, Avg Length: 0.0, Steps/sec: 698.2, Policy Loss: 4.8220, Value Loss: 1.2405
2025-09-17 14:37:57,543 - src.training.trainer - INFO - Timesteps: 7680/300000, Episodes: 7412, Avg Reward: -8.02, Avg Length: 0.0, Steps/sec: 696.4, Policy Loss: 4.2751, Value Loss: 1.8698
2025-09-17 14:38:00,681 - src.training.trainer - INFO - Timesteps: 9216/300000, Episodes: 8894, Avg Reward: -8.05, Avg Length: 0.0, Steps/sec: 688.3, Policy Loss: 5.2473, Value Loss: 1.9105
2025-09-17 14:38:03,823 - src.training.trainer - INFO - Timesteps: 10752/300000, Episodes: 10377, Avg Reward: -8.03, Avg Length: 0.0, Steps/sec: 693.4, Policy Loss: 9.8291, Value Loss: 1.9199
2025-09-17 14:38:06,965 - src.training.trainer - INFO - Timesteps: 12288/300000, Episodes: 11861, Avg Reward: -8.06, Avg Length: 0.0, Steps/sec: 693.8, Policy Loss: 16.8559, Value Loss: 1.9299
2025-09-17 14:38:10,144 - src.training.trainer - INFO - Timesteps: 13824/300000, Episodes: 13344, Avg Reward: -8.07, Avg Length: 0.0, Steps/sec: 686.2, Policy Loss: 17.3236, Value Loss: 1.9547
2025-09-17 14:38:13,377 - src.training.trainer - INFO - Timesteps: 15360/300000, Episodes: 14827, Avg Reward: -8.08, Avg Length: 0.0, Steps/sec: 671.5, Policy Loss: 14.0578, Value Loss: 2.0248
2025-09-17 14:38:16,511 - src.training.trainer - INFO - Timesteps: 16896/300000, Episodes: 16309, Avg Reward: -8.03, Avg Length: 0.0, Steps/sec: 685.6, Policy Loss: 16.7860, Value Loss: 2.2962
2025-09-17 14:38:19,750 - src.training.trainer - INFO - Timesteps: 18432/300000, Episodes: 17793, Avg Reward: -8.05, Avg Length: 0.0, Steps/sec: 690.3, Policy Loss: 12.2825, Value Loss: 2.0227
2025-09-17 14:38:22,976 - src.training.trainer - INFO - Timesteps: 19968/300000, Episodes: 19276, Avg Reward: -8.02, Avg Length: 0.0, Steps/sec: 685.9, Policy Loss: 14.6735, Value Loss: 2.1457
2025-09-17 14:38:26,205 - src.training.trainer - INFO - Timesteps: 21504/300000, Episodes: 20760, Avg Reward: -8.02, Avg Length: 0.0, Steps/sec: 685.3, Policy Loss: 18.5070, Value Loss: 2.7073
2025-09-17 14:38:29,440 - src.training.trainer - INFO - Timesteps: 23040/300000, Episodes: 22243, Avg Reward: -8.01, Avg Length: 0.0, Steps/sec: 681.3, Policy Loss: 14.0301, Value Loss: 2.3202
2025-09-17 14:38:32,646 - src.training.trainer - INFO - Timesteps: 24576/300000, Episodes: 23726, Avg Reward: -8.08, Avg Length: 0.0, Steps/sec: 682.0, Policy Loss: 34.3262, Value Loss: 1.4889
2025-09-17 14:38:35,874 - src.training.trainer - INFO - Timesteps: 26112/300000, Episodes: 25210, Avg Reward: -8.05, Avg Length: 0.0, Steps/sec: 676.5, Policy Loss: 31.1646, Value Loss: 1.6436
2025-09-17 14:38:39,039 - src.training.trainer - INFO - Timesteps: 27648/300000, Episodes: 26694, Avg Reward: -8.05, Avg Length: 0.0, Steps/sec: 678.5, Policy Loss: 46.8611, Value Loss: 1.5592
2025-09-17 14:38:42,229 - src.training.trainer - INFO - Timesteps: 29184/300000, Episodes: 28177, Avg Reward: -8.04, Avg Length: 0.0, Steps/sec: 686.3, Policy Loss: 35.5035, Value Loss: 0.8062
2025-09-17 14:38:45,369 - src.training.trainer - INFO - Timesteps: 30720/300000, Episodes: 29661, Avg Reward: -8.05, Avg Length: 0.0, Steps/sec: 688.6, Policy Loss: 42.9389, Value Loss: 0.6027
2025-09-17 14:38:48,566 - src.training.trainer - INFO - Timesteps: 32256/300000, Episodes: 31144, Avg Reward: -8.04, Avg Length: 0.0, Steps/sec: 681.1, Policy Loss: 35.4517, Value Loss: 0.5607
2025-09-17 14:38:51,805 - src.training.trainer - INFO - Timesteps: 33792/300000, Episodes: 32628, Avg Reward: -8.05, Avg Length: 0.0, Steps/sec: 683.0, Policy Loss: 46.6562, Value Loss: 0.7725
2025-09-17 14:38:55,077 - src.training.trainer - INFO - Timesteps: 35328/300000, Episodes: 34111, Avg Reward: -8.06, Avg Length: 0.0, Steps/sec: 675.2, Policy Loss: 48.4642, Value Loss: 0.8917
2025-09-17 14:38:58,260 - src.training.trainer - INFO - Timesteps: 36864/300000, Episodes: 35594, Avg Reward: -8.06, Avg Length: 0.0, Steps/sec: 685.1, Policy Loss: 42.1061, Value Loss: 0.9359
2025-09-17 14:39:01,462 - src.training.trainer - INFO - Timesteps: 38400/300000, Episodes: 37077, Avg Reward: -8.02, Avg Length: 0.0, Steps/sec: 687.1, Policy Loss: 44.4616, Value Loss: 1.9512
2025-09-17 14:39:04,646 - src.training.trainer - INFO - Timesteps: 39936/300000, Episodes: 38560, Avg Reward: -8.06, Avg Length: 0.0, Steps/sec: 686.4, Policy Loss: 33.3976, Value Loss: 2.2865
2025-09-17 14:39:07,896 - src.training.trainer - INFO - Timesteps: 41472/300000, Episodes: 40043, Avg Reward: -8.02, Avg Length: 0.0, Steps/sec: 676.6, Policy Loss: 40.1674, Value Loss: 3.1680
2025-09-17 14:39:11,125 - src.training.trainer - INFO - Timesteps: 43008/300000, Episodes: 41526, Avg Reward: -8.06, Avg Length: 0.0, Steps/sec: 684.3, Policy Loss: 18.1510, Value Loss: 2.1183
2025-09-17 14:39:14,417 - src.training.trainer - INFO - Timesteps: 44544/300000, Episodes: 43010, Avg Reward: -8.01, Avg Length: 0.0, Steps/sec: 661.5, Policy Loss: 16.2284, Value Loss: 2.3011
2025-09-17 14:39:17,653 - src.training.trainer - INFO - Timesteps: 46080/300000, Episodes: 44493, Avg Reward: -8.08, Avg Length: 0.0, Steps/sec: 681.7, Policy Loss: 57.5263, Value Loss: 2.2517
2025-09-17 14:39:20,931 - src.training.trainer - INFO - Timesteps: 47616/300000, Episodes: 45976, Avg Reward: -8.09, Avg Length: 0.0, Steps/sec: 682.3, Policy Loss: 59.5161, Value Loss: 1.6116
2025-09-17 14:39:24,186 - src.training.trainer - INFO - Timesteps: 49152/300000, Episodes: 47460, Avg Reward: -8.05, Avg Length: 0.0, Steps/sec: 668.0, Policy Loss: 63.4881, Value Loss: 1.1050
2025-09-17 14:39:27,446 - src.training.trainer - INFO - Timesteps: 50688/300000, Episodes: 48943, Avg Reward: -8.04, Avg Length: 0.0, Steps/sec: 674.7, Policy Loss: 91.0481, Value Loss: 0.8571
2025-09-17 14:39:30,685 - src.training.trainer - INFO - Timesteps: 52224/300000, Episodes: 50426, Avg Reward: -8.05, Avg Length: 0.0, Steps/sec: 679.2, Policy Loss: 52.2536, Value Loss: 0.5430
2025-09-17 14:39:33,918 - src.training.trainer - INFO - Timesteps: 53760/300000, Episodes: 51909, Avg Reward: -8.08, Avg Length: 0.0, Steps/sec: 679.6, Policy Loss: 85.3519, Value Loss: 0.3953
2025-09-17 14:39:37,149 - src.training.trainer - INFO - Timesteps: 55296/300000, Episodes: 53393, Avg Reward: -8.06, Avg Length: 0.0, Steps/sec: 678.0, Policy Loss: 64.2418, Value Loss: 0.3969
2025-09-17 14:39:40,361 - src.training.trainer - INFO - Timesteps: 56832/300000, Episodes: 54877, Avg Reward: -8.06, Avg Length: 0.0, Steps/sec: 675.1, Policy Loss: 66.9373, Value Loss: 0.6802
2025-09-17 14:39:43,604 - src.training.trainer - INFO - Timesteps: 58368/300000, Episodes: 56360, Avg Reward: -8.06, Avg Length: 0.0, Steps/sec: 669.8, Policy Loss: 87.0928, Value Loss: 0.7497
2025-09-17 14:39:46,780 - src.training.trainer - INFO - Timesteps: 59904/300000, Episodes: 57844, Avg Reward: -8.06, Avg Length: 0.0, Steps/sec: 690.4, Policy Loss: 47.5997, Value Loss: 0.9853
2025-09-17 14:39:49,982 - src.training.trainer - INFO - Timesteps: 61440/300000, Episodes: 59327, Avg Reward: -8.07, Avg Length: 0.0, Steps/sec: 683.3, Policy Loss: 95.5761, Value Loss: 0.5276
2025-09-17 14:39:53,191 - src.training.trainer - INFO - Timesteps: 62976/300000, Episodes: 60811, Avg Reward: -8.03, Avg Length: 0.0, Steps/sec: 687.3, Policy Loss: 63.2289, Value Loss: 0.9873
2025-09-17 14:39:56,423 - src.training.trainer - INFO - Timesteps: 64512/300000, Episodes: 62295, Avg Reward: -8.03, Avg Length: 0.0, Steps/sec: 676.8, Policy Loss: 27.2980, Value Loss: 0.7269
2025-09-17 14:39:59,683 - src.training.trainer - INFO - Timesteps: 66048/300000, Episodes: 63778, Avg Reward: -8.08, Avg Length: 0.0, Steps/sec: 674.1, Policy Loss: 37.9563, Value Loss: 0.8152
2025-09-17 14:40:02,900 - src.training.trainer - INFO - Timesteps: 67584/300000, Episodes: 65262, Avg Reward: -8.06, Avg Length: 0.0, Steps/sec: 675.7, Policy Loss: 56.9125, Value Loss: 0.8636
2025-09-17 14:40:06,092 - src.training.trainer - INFO - Timesteps: 69120/300000, Episodes: 66745, Avg Reward: -8.05, Avg Length: 0.0, Steps/sec: 682.2, Policy Loss: 36.9705, Value Loss: 0.7531
2025-09-17 14:40:09,337 - src.training.trainer - INFO - Timesteps: 70656/300000, Episodes: 68228, Avg Reward: -8.05, Avg Length: 0.0, Steps/sec: 676.8, Policy Loss: 77.6573, Value Loss: 0.3626
2025-09-17 14:40:12,530 - src.training.trainer - INFO - Timesteps: 72192/300000, Episodes: 69711, Avg Reward: -8.07, Avg Length: 0.0, Steps/sec: 685.3, Policy Loss: 40.8095, Value Loss: 0.2826
2025-09-17 14:40:15,841 - src.training.trainer - INFO - Timesteps: 73728/300000, Episodes: 71194, Avg Reward: -8.08, Avg Length: 0.0, Steps/sec: 651.2, Policy Loss: 33.6220, Value Loss: 0.3414
2025-09-17 14:40:19,069 - src.training.trainer - INFO - Timesteps: 75264/300000, Episodes: 72677, Avg Reward: -8.08, Avg Length: 0.0, Steps/sec: 683.1, Policy Loss: 54.0289, Value Loss: 0.4334
2025-09-17 14:40:22,266 - src.training.trainer - INFO - Timesteps: 76800/300000, Episodes: 74160, Avg Reward: -8.04, Avg Length: 0.0, Steps/sec: 684.6, Policy Loss: 47.4836, Value Loss: 0.7107
2025-09-17 14:40:25,474 - src.training.trainer - INFO - Timesteps: 78336/300000, Episodes: 75644, Avg Reward: -8.05, Avg Length: 0.0, Steps/sec: 680.5, Policy Loss: 50.5921, Value Loss: 0.6373
2025-09-17 14:40:28,684 - src.training.trainer - INFO - Timesteps: 79872/300000, Episodes: 77127, Avg Reward: -8.04, Avg Length: 0.0, Steps/sec: 678.2, Policy Loss: 44.3105, Value Loss: 0.5464
2025-09-17 14:40:31,921 - src.training.trainer - INFO - Timesteps: 81408/300000, Episodes: 78611, Avg Reward: -8.02, Avg Length: 0.0, Steps/sec: 683.9, Policy Loss: 41.0606, Value Loss: 0.7329
2025-09-17 14:40:35,113 - src.training.trainer - INFO - Timesteps: 82944/300000, Episodes: 80094, Avg Reward: -8.04, Avg Length: 0.0, Steps/sec: 682.1, Policy Loss: 45.4050, Value Loss: 0.6015
2025-09-17 14:40:38,310 - src.training.trainer - INFO - Timesteps: 84480/300000, Episodes: 81577, Avg Reward: -8.07, Avg Length: 0.0, Steps/sec: 681.1, Policy Loss: 19.4712, Value Loss: 0.6518
2025-09-17 14:40:41,507 - src.training.trainer - INFO - Timesteps: 86016/300000, Episodes: 83060, Avg Reward: -8.07, Avg Length: 0.0, Steps/sec: 685.6, Policy Loss: 16.7029, Value Loss: 0.6618
2025-09-17 14:40:44,754 - src.training.trainer - INFO - Timesteps: 87552/300000, Episodes: 84543, Avg Reward: -8.07, Avg Length: 0.0, Steps/sec: 667.0, Policy Loss: 35.6012, Value Loss: 0.6765
2025-09-17 14:40:47,943 - src.training.trainer - INFO - Timesteps: 89088/300000, Episodes: 86027, Avg Reward: -8.06, Avg Length: 0.0, Steps/sec: 682.7, Policy Loss: 55.7759, Value Loss: 0.5477
2025-09-17 14:40:51,191 - src.training.trainer - INFO - Timesteps: 90624/300000, Episodes: 87510, Avg Reward: -8.06, Avg Length: 0.0, Steps/sec: 683.7, Policy Loss: 26.2790, Value Loss: 0.4444
2025-09-17 14:40:54,423 - src.training.trainer - INFO - Timesteps: 92160/300000, Episodes: 88993, Avg Reward: -8.08, Avg Length: 0.0, Steps/sec: 668.6, Policy Loss: 49.6230, Value Loss: 0.4214
2025-09-17 14:40:57,680 - src.training.trainer - INFO - Timesteps: 93696/300000, Episodes: 90476, Avg Reward: -8.07, Avg Length: 0.0, Steps/sec: 679.4, Policy Loss: 33.3143, Value Loss: 0.3831
2025-09-17 14:41:00,933 - src.training.trainer - INFO - Timesteps: 95232/300000, Episodes: 91960, Avg Reward: -8.06, Avg Length: 0.0, Steps/sec: 675.8, Policy Loss: 23.4332, Value Loss: 0.3990
2025-09-17 14:41:04,216 - src.training.trainer - INFO - Timesteps: 96768/300000, Episodes: 93443, Avg Reward: -8.05, Avg Length: 0.0, Steps/sec: 667.1, Policy Loss: 31.1177, Value Loss: 0.4859
2025-09-17 14:41:07,438 - src.training.trainer - INFO - Timesteps: 98304/300000, Episodes: 94927, Avg Reward: -8.04, Avg Length: 0.0, Steps/sec: 676.5, Policy Loss: 21.1888, Value Loss: 0.3945
2025-09-17 14:41:10,671 - src.training.trainer - INFO - Timesteps: 99840/300000, Episodes: 96411, Avg Reward: -8.06, Avg Length: 0.0, Steps/sec: 681.0, Policy Loss: 41.1398, Value Loss: 0.3060
2025-09-17 14:41:13,984 - src.training.trainer - INFO - Timesteps: 101376/300000, Episodes: 97894, Avg Reward: -8.07, Avg Length: 0.0, Steps/sec: 655.9, Policy Loss: 38.0187, Value Loss: 0.3648
2025-09-17 14:41:17,261 - src.training.trainer - INFO - Timesteps: 102912/300000, Episodes: 99377, Avg Reward: -8.05, Avg Length: 0.0, Steps/sec: 672.8, Policy Loss: 45.0468, Value Loss: 0.4049
2025-09-17 14:41:20,511 - src.training.trainer - INFO - Timesteps: 104448/300000, Episodes: 100860, Avg Reward: -8.04, Avg Length: 0.0, Steps/sec: 674.6, Policy Loss: 94.0831, Value Loss: 0.2381
2025-09-17 14:41:23,786 - src.training.trainer - INFO - Timesteps: 105984/300000, Episodes: 102344, Avg Reward: -8.01, Avg Length: 0.0, Steps/sec: 670.3, Policy Loss: 52.7009, Value Loss: 0.2483
2025-09-17 14:41:27,038 - src.training.trainer - INFO - Timesteps: 107520/300000, Episodes: 103828, Avg Reward: -8.06, Avg Length: 0.0, Steps/sec: 670.2, Policy Loss: 51.8584, Value Loss: 0.4612
2025-09-17 14:41:30,301 - src.training.trainer - INFO - Timesteps: 109056/300000, Episodes: 105311, Avg Reward: -8.06, Avg Length: 0.0, Steps/sec: 671.5, Policy Loss: 87.0295, Value Loss: 0.4622
2025-09-17 14:41:33,530 - src.training.trainer - INFO - Timesteps: 110592/300000, Episodes: 106795, Avg Reward: -8.02, Avg Length: 0.0, Steps/sec: 677.3, Policy Loss: 97.6264, Value Loss: 0.7603
2025-09-17 14:41:36,759 - src.training.trainer - INFO - Timesteps: 112128/300000, Episodes: 108278, Avg Reward: -8.04, Avg Length: 0.0, Steps/sec: 677.1, Policy Loss: 55.1595, Value Loss: 0.8496
2025-09-17 14:41:40,026 - src.training.trainer - INFO - Timesteps: 113664/300000, Episodes: 109762, Avg Reward: -8.02, Avg Length: 0.0, Steps/sec: 680.9, Policy Loss: 104.6761, Value Loss: 0.7328
2025-09-17 14:41:43,310 - src.training.trainer - INFO - Timesteps: 115200/300000, Episodes: 111245, Avg Reward: -8.04, Avg Length: 0.0, Steps/sec: 680.0, Policy Loss: 97.8889, Value Loss: 0.8016
2025-09-17 14:41:46,578 - src.training.trainer - INFO - Timesteps: 116736/300000, Episodes: 112728, Avg Reward: -8.06, Avg Length: 0.0, Steps/sec: 670.7, Policy Loss: 47.2379, Value Loss: 0.8969
2025-09-17 14:41:49,724 - src.training.trainer - INFO - Timesteps: 118272/300000, Episodes: 114211, Avg Reward: -8.04, Avg Length: 0.0, Steps/sec: 678.0, Policy Loss: 110.4948, Value Loss: 1.9004
2025-09-17 14:41:52,866 - src.training.trainer - INFO - Timesteps: 119808/300000, Episodes: 115695, Avg Reward: -8.06, Avg Length: 0.0, Steps/sec: 691.0, Policy Loss: 86.0735, Value Loss: 1.5741
2025-09-17 14:41:56,013 - src.training.trainer - INFO - Timesteps: 121344/300000, Episodes: 117179, Avg Reward: -8.05, Avg Length: 0.0, Steps/sec: 687.2, Policy Loss: 39.0681, Value Loss: 1.4195
2025-09-17 14:41:59,306 - src.training.trainer - INFO - Timesteps: 122880/300000, Episodes: 118662, Avg Reward: -8.04, Avg Length: 0.0, Steps/sec: 675.8, Policy Loss: 13.9908, Value Loss: 1.2596
2025-09-17 14:42:02,460 - src.training.trainer - INFO - Timesteps: 124416/300000, Episodes: 120145, Avg Reward: -8.08, Avg Length: 0.0, Steps/sec: 690.5, Policy Loss: 14.1275, Value Loss: 1.1249
2025-09-17 14:42:05,644 - src.training.trainer - INFO - Timesteps: 125952/300000, Episodes: 121628, Avg Reward: -8.05, Avg Length: 0.0, Steps/sec: 690.0, Policy Loss: 15.0897, Value Loss: 0.8802
2025-09-17 14:42:08,840 - src.training.trainer - INFO - Timesteps: 127488/300000, Episodes: 123112, Avg Reward: -8.02, Avg Length: 0.0, Steps/sec: 681.1, Policy Loss: 19.0042, Value Loss: 0.9402
2025-09-17 14:42:12,051 - src.training.trainer - INFO - Timesteps: 129024/300000, Episodes: 124595, Avg Reward: -8.04, Avg Length: 0.0, Steps/sec: 677.5, Policy Loss: 16.0152, Value Loss: 1.4437
2025-09-17 14:42:15,319 - src.training.trainer - INFO - Timesteps: 130560/300000, Episodes: 126079, Avg Reward: -8.02, Avg Length: 0.0, Steps/sec: 664.7, Policy Loss: 21.1434, Value Loss: 1.7897
2025-09-17 14:42:18,492 - src.training.trainer - INFO - Timesteps: 132096/300000, Episodes: 127562, Avg Reward: -8.05, Avg Length: 0.0, Steps/sec: 685.9, Policy Loss: 19.2426, Value Loss: 1.6137
2025-09-17 14:42:21,669 - src.training.trainer - INFO - Timesteps: 133632/300000, Episodes: 129045, Avg Reward: -8.06, Avg Length: 0.0, Steps/sec: 684.5, Policy Loss: 23.3893, Value Loss: 1.5058
2025-09-17 14:42:24,956 - src.training.trainer - INFO - Timesteps: 135168/300000, Episodes: 130528, Avg Reward: -8.04, Avg Length: 0.0, Steps/sec: 668.1, Policy Loss: 14.2455, Value Loss: 1.3686
2025-09-17 14:42:28,144 - src.training.trainer - INFO - Timesteps: 136704/300000, Episodes: 132012, Avg Reward: -8.01, Avg Length: 0.0, Steps/sec: 677.0, Policy Loss: 19.7627, Value Loss: 1.1906
2025-09-17 14:42:31,317 - src.training.trainer - INFO - Timesteps: 138240/300000, Episodes: 133495, Avg Reward: -8.07, Avg Length: 0.0, Steps/sec: 679.6, Policy Loss: 15.8162, Value Loss: 0.8658
2025-09-17 14:42:34,508 - src.training.trainer - INFO - Timesteps: 139776/300000, Episodes: 134978, Avg Reward: -8.07, Avg Length: 0.0, Steps/sec: 682.5, Policy Loss: 10.3595, Value Loss: 1.2158
2025-09-17 14:42:37,646 - src.training.trainer - INFO - Timesteps: 141312/300000, Episodes: 136462, Avg Reward: -8.07, Avg Length: 0.0, Steps/sec: 689.4, Policy Loss: 11.2045, Value Loss: 0.9514
2025-09-17 14:42:40,835 - src.training.trainer - INFO - Timesteps: 142848/300000, Episodes: 137945, Avg Reward: -8.06, Avg Length: 0.0, Steps/sec: 676.9, Policy Loss: 9.3361, Value Loss: 0.8245
2025-09-17 14:42:44,093 - src.training.trainer - INFO - Timesteps: 144384/300000, Episodes: 139429, Avg Reward: -8.07, Avg Length: 0.0, Steps/sec: 664.1, Policy Loss: 8.1098, Value Loss: 0.6438
2025-09-17 14:42:47,262 - src.training.trainer - INFO - Timesteps: 145920/300000, Episodes: 140913, Avg Reward: -8.02, Avg Length: 0.0, Steps/sec: 687.3, Policy Loss: 9.6880, Value Loss: 0.5142
2025-09-17 14:42:50,412 - src.training.trainer - INFO - Timesteps: 147456/300000, Episodes: 142397, Avg Reward: -8.07, Avg Length: 0.0, Steps/sec: 684.2, Policy Loss: 12.9789, Value Loss: 0.7473
2025-09-17 14:42:53,557 - src.training.trainer - INFO - Timesteps: 148992/300000, Episodes: 143881, Avg Reward: -8.06, Avg Length: 0.0, Steps/sec: 687.1, Policy Loss: 11.2854, Value Loss: 1.3365
2025-09-17 14:42:56,689 - src.training.trainer - INFO - Timesteps: 150528/300000, Episodes: 145364, Avg Reward: -8.02, Avg Length: 0.0, Steps/sec: 693.5, Policy Loss: 55.8068, Value Loss: 2.5181
2025-09-17 14:42:59,879 - src.training.trainer - INFO - Timesteps: 152064/300000, Episodes: 146848, Avg Reward: -8.03, Avg Length: 0.0, Steps/sec: 681.1, Policy Loss: 39.5517, Value Loss: 1.8313
2025-09-17 14:43:03,069 - src.training.trainer - INFO - Timesteps: 153600/300000, Episodes: 148331, Avg Reward: -8.08, Avg Length: 0.0, Steps/sec: 681.3, Policy Loss: 48.7760, Value Loss: 1.4574
2025-09-17 14:43:06,274 - src.training.trainer - INFO - Timesteps: 155136/300000, Episodes: 149814, Avg Reward: -8.07, Avg Length: 0.0, Steps/sec: 678.3, Policy Loss: 43.6959, Value Loss: 1.5051
2025-09-17 14:43:09,466 - src.training.trainer - INFO - Timesteps: 156672/300000, Episodes: 151297, Avg Reward: -8.05, Avg Length: 0.0, Steps/sec: 681.9, Policy Loss: 65.0280, Value Loss: 1.6681
2025-09-17 14:43:12,772 - src.training.trainer - INFO - Timesteps: 158208/300000, Episodes: 152780, Avg Reward: -8.06, Avg Length: 0.0, Steps/sec: 671.2, Policy Loss: 46.5023, Value Loss: 1.5458
2025-09-17 14:43:16,080 - src.training.trainer - INFO - Timesteps: 159744/300000, Episodes: 154263, Avg Reward: -8.05, Avg Length: 0.0, Steps/sec: 651.3, Policy Loss: 82.3783, Value Loss: 0.8204
2025-09-17 14:43:19,343 - src.training.trainer - INFO - Timesteps: 161280/300000, Episodes: 155746, Avg Reward: -8.08, Avg Length: 0.0, Steps/sec: 672.9, Policy Loss: 43.8558, Value Loss: 0.9410
2025-09-17 14:43:22,569 - src.training.trainer - INFO - Timesteps: 162816/300000, Episodes: 157229, Avg Reward: -8.08, Avg Length: 0.0, Steps/sec: 680.3, Policy Loss: 56.2170, Value Loss: 0.6445
2025-09-17 14:43:25,792 - src.training.trainer - INFO - Timesteps: 164352/300000, Episodes: 158712, Avg Reward: -8.05, Avg Length: 0.0, Steps/sec: 668.0, Policy Loss: 68.2075, Value Loss: 0.5357
2025-09-17 14:43:29,045 - src.training.trainer - INFO - Timesteps: 165888/300000, Episodes: 160196, Avg Reward: -8.03, Avg Length: 0.0, Steps/sec: 676.6, Policy Loss: 95.2167, Value Loss: 0.7109
2025-09-17 14:43:32,294 - src.training.trainer - INFO - Timesteps: 167424/300000, Episodes: 161680, Avg Reward: -8.04, Avg Length: 0.0, Steps/sec: 670.3, Policy Loss: 68.2252, Value Loss: 1.1911
2025-09-17 14:43:35,556 - src.training.trainer - INFO - Timesteps: 168960/300000, Episodes: 163163, Avg Reward: -8.05, Avg Length: 0.0, Steps/sec: 677.6, Policy Loss: 29.5671, Value Loss: 2.1294
2025-09-17 14:43:38,787 - src.training.trainer - INFO - Timesteps: 170496/300000, Episodes: 164646, Avg Reward: -8.06, Avg Length: 0.0, Steps/sec: 674.7, Policy Loss: 31.9864, Value Loss: 1.4379
2025-09-17 14:43:42,078 - src.training.trainer - INFO - Timesteps: 172032/300000, Episodes: 166129, Avg Reward: -8.01, Avg Length: 0.0, Steps/sec: 666.1, Policy Loss: 34.1376, Value Loss: 1.0886
2025-09-17 14:43:45,330 - src.training.trainer - INFO - Timesteps: 173568/300000, Episodes: 167613, Avg Reward: -8.05, Avg Length: 0.0, Steps/sec: 674.5, Policy Loss: 19.7210, Value Loss: 0.8524
2025-09-17 14:43:48,577 - src.training.trainer - INFO - Timesteps: 175104/300000, Episodes: 169096, Avg Reward: -8.06, Avg Length: 0.0, Steps/sec: 672.9, Policy Loss: 42.6187, Value Loss: 0.8088
2025-09-17 14:43:51,850 - src.training.trainer - INFO - Timesteps: 176640/300000, Episodes: 170579, Avg Reward: -8.05, Avg Length: 0.0, Steps/sec: 675.3, Policy Loss: 22.0753, Value Loss: 1.2838
2025-09-17 14:43:55,105 - src.training.trainer - INFO - Timesteps: 178176/300000, Episodes: 172062, Avg Reward: -8.02, Avg Length: 0.0, Steps/sec: 674.4, Policy Loss: 15.1702, Value Loss: 0.9255
2025-09-17 14:43:58,393 - src.training.trainer - INFO - Timesteps: 179712/300000, Episodes: 173545, Avg Reward: -8.07, Avg Length: 0.0, Steps/sec: 663.7, Policy Loss: 29.8021, Value Loss: 0.6917
2025-09-17 14:44:01,613 - src.training.trainer - INFO - Timesteps: 181248/300000, Episodes: 175028, Avg Reward: -8.05, Avg Length: 0.0, Steps/sec: 677.0, Policy Loss: 9.1772, Value Loss: 0.6394
2025-09-17 14:44:04,907 - src.training.trainer - INFO - Timesteps: 182784/300000, Episodes: 176512, Avg Reward: -8.07, Avg Length: 0.0, Steps/sec: 666.2, Policy Loss: 10.2144, Value Loss: 0.2920
2025-09-17 14:44:08,144 - src.training.trainer - INFO - Timesteps: 184320/300000, Episodes: 177996, Avg Reward: -8.03, Avg Length: 0.0, Steps/sec: 674.6, Policy Loss: 7.4626, Value Loss: 0.4409
2025-09-17 14:44:11,393 - src.training.trainer - INFO - Timesteps: 185856/300000, Episodes: 179480, Avg Reward: -8.02, Avg Length: 0.0, Steps/sec: 676.4, Policy Loss: 242.3405, Value Loss: 0.5270
2025-09-17 14:44:14,687 - src.training.trainer - INFO - Timesteps: 187392/300000, Episodes: 180963, Avg Reward: -8.03, Avg Length: 0.0, Steps/sec: 662.3, Policy Loss: 396.9251, Value Loss: 0.7639
2025-09-17 14:44:17,981 - src.training.trainer - INFO - Timesteps: 188928/300000, Episodes: 182446, Avg Reward: -8.04, Avg Length: 0.0, Steps/sec: 670.7, Policy Loss: 298.6958, Value Loss: 0.6516
2025-09-17 14:44:21,245 - src.training.trainer - INFO - Timesteps: 190464/300000, Episodes: 183930, Avg Reward: -8.02, Avg Length: 0.0, Steps/sec: 669.9, Policy Loss: 302.2557, Value Loss: 0.8495
2025-09-17 14:44:24,449 - src.training.trainer - INFO - Timesteps: 192000/300000, Episodes: 185414, Avg Reward: -8.06, Avg Length: 0.0, Steps/sec: 678.2, Policy Loss: 120.2256, Value Loss: 0.7281
2025-09-17 14:44:27,720 - src.training.trainer - INFO - Timesteps: 193536/300000, Episodes: 186897, Avg Reward: -8.07, Avg Length: 0.0, Steps/sec: 666.6, Policy Loss: 401.3052, Value Loss: 0.4809
2025-09-17 14:44:30,957 - src.training.trainer - INFO - Timesteps: 195072/300000, Episodes: 188380, Avg Reward: -8.04, Avg Length: 0.0, Steps/sec: 677.4, Policy Loss: 261.1695, Value Loss: 0.7911
2025-09-17 14:44:34,152 - src.training.trainer - INFO - Timesteps: 196608/300000, Episodes: 189864, Avg Reward: -8.07, Avg Length: 0.0, Steps/sec: 681.2, Policy Loss: 337.1508, Value Loss: 0.8460
2025-09-17 14:44:37,399 - src.training.trainer - INFO - Timesteps: 198144/300000, Episodes: 191347, Avg Reward: -8.01, Avg Length: 0.0, Steps/sec: 677.3, Policy Loss: 156.1511, Value Loss: 0.6268
2025-09-17 14:44:40,618 - src.training.trainer - INFO - Timesteps: 199680/300000, Episodes: 192831, Avg Reward: -8.03, Avg Length: 0.0, Steps/sec: 680.4, Policy Loss: 155.5470, Value Loss: 0.4888
2025-09-17 14:44:43,830 - src.training.trainer - INFO - Timesteps: 201216/300000, Episodes: 194315, Avg Reward: -8.02, Avg Length: 0.0, Steps/sec: 674.2, Policy Loss: 281.0851, Value Loss: 0.4892
2025-09-17 14:44:47,043 - src.training.trainer - INFO - Timesteps: 202752/300000, Episodes: 195798, Avg Reward: -8.08, Avg Length: 0.0, Steps/sec: 677.7, Policy Loss: 294.9603, Value Loss: 0.6815
2025-09-17 14:44:50,275 - src.training.trainer - INFO - Timesteps: 204288/300000, Episodes: 197281, Avg Reward: -8.03, Avg Length: 0.0, Steps/sec: 678.8, Policy Loss: 14.6553, Value Loss: 1.6421
2025-09-17 14:44:53,489 - src.training.trainer - INFO - Timesteps: 205824/300000, Episodes: 198764, Avg Reward: -8.06, Avg Length: 0.0, Steps/sec: 679.5, Policy Loss: 19.1395, Value Loss: 2.5277
2025-09-17 14:44:56,693 - src.training.trainer - INFO - Timesteps: 207360/300000, Episodes: 200248, Avg Reward: -8.02, Avg Length: 0.0, Steps/sec: 671.8, Policy Loss: 21.9769, Value Loss: 2.1824
2025-09-17 14:44:59,937 - src.training.trainer - INFO - Timesteps: 208896/300000, Episodes: 201731, Avg Reward: -8.04, Avg Length: 0.0, Steps/sec: 677.0, Policy Loss: 11.3502, Value Loss: 1.7782
2025-09-17 14:45:03,208 - src.training.trainer - INFO - Timesteps: 210432/300000, Episodes: 203214, Avg Reward: -8.07, Avg Length: 0.0, Steps/sec: 668.5, Policy Loss: 10.5172, Value Loss: 1.6881
2025-09-17 14:45:06,491 - src.training.trainer - INFO - Timesteps: 211968/300000, Episodes: 204697, Avg Reward: -8.08, Avg Length: 0.0, Steps/sec: 659.7, Policy Loss: 9.1205, Value Loss: 1.1632
2025-09-17 14:45:09,735 - src.training.trainer - INFO - Timesteps: 213504/300000, Episodes: 206180, Avg Reward: -8.04, Avg Length: 0.0, Steps/sec: 670.8, Policy Loss: 10.9291, Value Loss: 1.2411
2025-09-17 14:45:13,051 - src.training.trainer - INFO - Timesteps: 215040/300000, Episodes: 207663, Avg Reward: -8.04, Avg Length: 0.0, Steps/sec: 671.6, Policy Loss: 7.3446, Value Loss: 1.0969
2025-09-17 14:45:16,304 - src.training.trainer - INFO - Timesteps: 216576/300000, Episodes: 209147, Avg Reward: -8.02, Avg Length: 0.0, Steps/sec: 667.0, Policy Loss: 8.9351, Value Loss: 0.8449
2025-09-17 14:45:19,545 - src.training.trainer - INFO - Timesteps: 218112/300000, Episodes: 210630, Avg Reward: -8.06, Avg Length: 0.0, Steps/sec: 676.0, Policy Loss: 7.0380, Value Loss: 0.6860
2025-09-17 14:45:22,895 - src.training.trainer - INFO - Timesteps: 219648/300000, Episodes: 212114, Avg Reward: -8.05, Avg Length: 0.0, Steps/sec: 657.9, Policy Loss: 7.4171, Value Loss: 0.6082
2025-09-17 14:45:26,168 - src.training.trainer - INFO - Timesteps: 221184/300000, Episodes: 213597, Avg Reward: -8.07, Avg Length: 0.0, Steps/sec: 661.2, Policy Loss: 8.5448, Value Loss: 0.6834
2025-09-17 14:45:29,402 - src.training.trainer - INFO - Timesteps: 222720/300000, Episodes: 215080, Avg Reward: -8.08, Avg Length: 0.0, Steps/sec: 677.0, Policy Loss: 9.7404, Value Loss: 0.7089
2025-09-17 14:45:32,652 - src.training.trainer - INFO - Timesteps: 224256/300000, Episodes: 216564, Avg Reward: -8.00, Avg Length: 0.0, Steps/sec: 673.5, Policy Loss: 7.3286, Value Loss: 1.3584
2025-09-17 14:45:35,902 - src.training.trainer - INFO - Timesteps: 225792/300000, Episodes: 218047, Avg Reward: -8.07, Avg Length: 0.0, Steps/sec: 673.3, Policy Loss: 10.4413, Value Loss: 0.9491
2025-09-17 14:45:39,150 - src.training.trainer - INFO - Timesteps: 227328/300000, Episodes: 219530, Avg Reward: -8.05, Avg Length: 0.0, Steps/sec: 671.3, Policy Loss: 12.3597, Value Loss: 0.7669
2025-09-17 14:45:42,408 - src.training.trainer - INFO - Timesteps: 228864/300000, Episodes: 221014, Avg Reward: -8.05, Avg Length: 0.0, Steps/sec: 668.8, Policy Loss: 10.7082, Value Loss: 1.3638
2025-09-17 14:45:45,734 - src.training.trainer - INFO - Timesteps: 230400/300000, Episodes: 222498, Avg Reward: -8.02, Avg Length: 0.0, Steps/sec: 651.1, Policy Loss: 8.4681, Value Loss: 1.0263
2025-09-17 14:45:48,956 - src.training.trainer - INFO - Timesteps: 231936/300000, Episodes: 223981, Avg Reward: -8.05, Avg Length: 0.0, Steps/sec: 681.0, Policy Loss: 8.4248, Value Loss: 1.5490
2025-09-17 14:45:52,253 - src.training.trainer - INFO - Timesteps: 233472/300000, Episodes: 225464, Avg Reward: -8.07, Avg Length: 0.0, Steps/sec: 664.1, Policy Loss: 8.1847, Value Loss: 1.2299
2025-09-17 14:45:55,524 - src.training.trainer - INFO - Timesteps: 235008/300000, Episodes: 226947, Avg Reward: -8.05, Avg Length: 0.0, Steps/sec: 674.5, Policy Loss: 8.3294, Value Loss: 1.0436
2025-09-17 14:45:58,836 - src.training.trainer - INFO - Timesteps: 236544/300000, Episodes: 228430, Avg Reward: -8.07, Avg Length: 0.0, Steps/sec: 663.0, Policy Loss: 8.0924, Value Loss: 1.0682
2025-09-17 14:46:02,092 - src.training.trainer - INFO - Timesteps: 238080/300000, Episodes: 229914, Avg Reward: -8.07, Avg Length: 0.0, Steps/sec: 675.1, Policy Loss: 7.9949, Value Loss: 1.6130
2025-09-17 14:46:05,363 - src.training.trainer - INFO - Timesteps: 239616/300000, Episodes: 231398, Avg Reward: -8.04, Avg Length: 0.0, Steps/sec: 670.0, Policy Loss: 9.5759, Value Loss: 1.8317
2025-09-17 14:46:08,662 - src.training.trainer - INFO - Timesteps: 241152/300000, Episodes: 232881, Avg Reward: -8.05, Avg Length: 0.0, Steps/sec: 666.7, Policy Loss: 29.9360, Value Loss: 1.7411
2025-09-17 14:46:11,936 - src.training.trainer - INFO - Timesteps: 242688/300000, Episodes: 234365, Avg Reward: -8.04, Avg Length: 0.0, Steps/sec: 667.4, Policy Loss: 49.1515, Value Loss: 1.2766
2025-09-17 14:46:15,261 - src.training.trainer - INFO - Timesteps: 244224/300000, Episodes: 235848, Avg Reward: -8.05, Avg Length: 0.0, Steps/sec: 661.6, Policy Loss: 25.3622, Value Loss: 1.5929
2025-09-17 14:46:18,552 - src.training.trainer - INFO - Timesteps: 245760/300000, Episodes: 237331, Avg Reward: -8.04, Avg Length: 0.0, Steps/sec: 677.3, Policy Loss: 27.3940, Value Loss: 1.3301
2025-09-17 14:46:21,831 - src.training.trainer - INFO - Timesteps: 247296/300000, Episodes: 238814, Avg Reward: -8.08, Avg Length: 0.0, Steps/sec: 670.7, Policy Loss: 25.6441, Value Loss: 1.1182
2025-09-17 14:46:25,127 - src.training.trainer - INFO - Timesteps: 248832/300000, Episodes: 240298, Avg Reward: -8.03, Avg Length: 0.0, Steps/sec: 667.6, Policy Loss: 31.8916, Value Loss: 0.9339
2025-09-17 14:46:28,409 - src.training.trainer - INFO - Timesteps: 250368/300000, Episodes: 241782, Avg Reward: -8.02, Avg Length: 0.0, Steps/sec: 669.3, Policy Loss: 43.2426, Value Loss: 1.1022
2025-09-17 14:46:31,723 - src.training.trainer - INFO - Timesteps: 251904/300000, Episodes: 243265, Avg Reward: -8.08, Avg Length: 0.0, Steps/sec: 666.2, Policy Loss: 32.5943, Value Loss: 1.0318
2025-09-17 14:46:34,991 - src.training.trainer - INFO - Timesteps: 253440/300000, Episodes: 244748, Avg Reward: -8.08, Avg Length: 0.0, Steps/sec: 673.0, Policy Loss: 26.7102, Value Loss: 0.7933
2025-09-17 14:46:38,286 - src.training.trainer - INFO - Timesteps: 254976/300000, Episodes: 246231, Avg Reward: -8.03, Avg Length: 0.0, Steps/sec: 670.0, Policy Loss: 29.7777, Value Loss: 0.6937
2025-09-17 14:46:41,567 - src.training.trainer - INFO - Timesteps: 256512/300000, Episodes: 247715, Avg Reward: -8.05, Avg Length: 0.0, Steps/sec: 678.5, Policy Loss: 45.8022, Value Loss: 0.6616
2025-09-17 14:46:44,878 - src.training.trainer - INFO - Timesteps: 258048/300000, Episodes: 249198, Avg Reward: -8.08, Avg Length: 0.0, Steps/sec: 658.7, Policy Loss: 39.6279, Value Loss: 0.7287
2025-09-17 14:46:48,189 - src.training.trainer - INFO - Timesteps: 259584/300000, Episodes: 250680, Avg Reward: -8.02, Avg Length: 0.0, Steps/sec: 663.2, Policy Loss: 13.1769, Value Loss: 0.9053
2025-09-17 14:46:51,465 - src.training.trainer - INFO - Timesteps: 261120/300000, Episodes: 252164, Avg Reward: -8.03, Avg Length: 0.0, Steps/sec: 669.9, Policy Loss: 9.9285, Value Loss: 0.6748
2025-09-17 14:46:54,744 - src.training.trainer - INFO - Timesteps: 262656/300000, Episodes: 253648, Avg Reward: -8.03, Avg Length: 0.0, Steps/sec: 675.0, Policy Loss: 9.6266, Value Loss: 0.5944
2025-09-17 14:46:58,001 - src.training.trainer - INFO - Timesteps: 264192/300000, Episodes: 255132, Avg Reward: -8.05, Avg Length: 0.0, Steps/sec: 670.5, Policy Loss: 8.0693, Value Loss: 0.8123
2025-09-17 14:47:01,280 - src.training.trainer - INFO - Timesteps: 265728/300000, Episodes: 256616, Avg Reward: -8.05, Avg Length: 0.0, Steps/sec: 660.6, Policy Loss: 6.4444, Value Loss: 0.8817
2025-09-17 14:47:04,500 - src.training.trainer - INFO - Timesteps: 267264/300000, Episodes: 258100, Avg Reward: -8.03, Avg Length: 0.0, Steps/sec: 685.0, Policy Loss: 7.5898, Value Loss: 0.6192
2025-09-17 14:47:07,768 - src.training.trainer - INFO - Timesteps: 268800/300000, Episodes: 259584, Avg Reward: -8.07, Avg Length: 0.0, Steps/sec: 668.2, Policy Loss: 7.3051, Value Loss: 0.6819
2025-09-17 14:47:10,995 - src.training.trainer - INFO - Timesteps: 270336/300000, Episodes: 261067, Avg Reward: -8.05, Avg Length: 0.0, Steps/sec: 679.8, Policy Loss: 6.8429, Value Loss: 0.7117
2025-09-17 14:47:14,255 - src.training.trainer - INFO - Timesteps: 271872/300000, Episodes: 262550, Avg Reward: -8.04, Avg Length: 0.0, Steps/sec: 667.1, Policy Loss: 6.8057, Value Loss: 0.6394
2025-09-17 14:47:17,455 - src.training.trainer - INFO - Timesteps: 273408/300000, Episodes: 264034, Avg Reward: -8.06, Avg Length: 0.0, Steps/sec: 677.4, Policy Loss: 5.7819, Value Loss: 0.6585
2025-09-17 14:47:20,694 - src.training.trainer - INFO - Timesteps: 274944/300000, Episodes: 265517, Avg Reward: -8.05, Avg Length: 0.0, Steps/sec: 678.3, Policy Loss: 7.5607, Value Loss: 0.7246
2025-09-17 14:47:24,027 - src.training.trainer - INFO - Timesteps: 276480/300000, Episodes: 267001, Avg Reward: -8.06, Avg Length: 0.0, Steps/sec: 645.2, Policy Loss: 12.2093, Value Loss: 0.6604
2025-09-17 14:47:27,261 - src.training.trainer - INFO - Timesteps: 278016/300000, Episodes: 268485, Avg Reward: -8.06, Avg Length: 0.0, Steps/sec: 674.2, Policy Loss: 14.1624, Value Loss: 1.1998
2025-09-17 14:47:30,502 - src.training.trainer - INFO - Timesteps: 279552/300000, Episodes: 269968, Avg Reward: -8.05, Avg Length: 0.0, Steps/sec: 674.2, Policy Loss: 11.5906, Value Loss: 0.8618
2025-09-17 14:47:33,748 - src.training.trainer - INFO - Timesteps: 281088/300000, Episodes: 271451, Avg Reward: -8.08, Avg Length: 0.0, Steps/sec: 675.2, Policy Loss: 10.3230, Value Loss: 1.3095
2025-09-17 14:47:36,953 - src.training.trainer - INFO - Timesteps: 282624/300000, Episodes: 272935, Avg Reward: -8.07, Avg Length: 0.0, Steps/sec: 676.6, Policy Loss: 10.0198, Value Loss: 1.3527
2025-09-17 14:47:40,183 - src.training.trainer - INFO - Timesteps: 284160/300000, Episodes: 274418, Avg Reward: -8.05, Avg Length: 0.0, Steps/sec: 678.2, Policy Loss: 16.9489, Value Loss: 1.1160
2025-09-17 14:47:43,421 - src.training.trainer - INFO - Timesteps: 285696/300000, Episodes: 275901, Avg Reward: -8.07, Avg Length: 0.0, Steps/sec: 675.9, Policy Loss: 12.3666, Value Loss: 0.9903
2025-09-17 14:47:46,645 - src.training.trainer - INFO - Timesteps: 287232/300000, Episodes: 277385, Avg Reward: -8.06, Avg Length: 0.0, Steps/sec: 676.6, Policy Loss: 13.7679, Value Loss: 0.8098
2025-09-17 14:47:49,872 - src.training.trainer - INFO - Timesteps: 288768/300000, Episodes: 278868, Avg Reward: -8.05, Avg Length: 0.0, Steps/sec: 676.2, Policy Loss: 14.5826, Value Loss: 0.6476
2025-09-17 14:47:53,122 - src.training.trainer - INFO - Timesteps: 290304/300000, Episodes: 280351, Avg Reward: -8.07, Avg Length: 0.0, Steps/sec: 672.5, Policy Loss: 11.2138, Value Loss: 0.9814
2025-09-17 14:47:56,390 - src.training.trainer - INFO - Timesteps: 291840/300000, Episodes: 281834, Avg Reward: -8.07, Avg Length: 0.0, Steps/sec: 668.6, Policy Loss: 29.4364, Value Loss: 0.9295
2025-09-17 14:47:59,654 - src.training.trainer - INFO - Timesteps: 293376/300000, Episodes: 283317, Avg Reward: -8.08, Avg Length: 0.0, Steps/sec: 675.2, Policy Loss: 33.6813, Value Loss: 0.7206
2025-09-17 14:48:02,931 - src.training.trainer - INFO - Timesteps: 294912/300000, Episodes: 284801, Avg Reward: -8.04, Avg Length: 0.0, Steps/sec: 664.6, Policy Loss: 17.9366, Value Loss: 0.5644
2025-09-17 14:48:06,179 - src.training.trainer - INFO - Timesteps: 296448/300000, Episodes: 286285, Avg Reward: -8.04, Avg Length: 0.0, Steps/sec: 674.1, Policy Loss: 18.1321, Value Loss: 0.7333
2025-09-17 14:48:09,431 - src.training.trainer - INFO - Timesteps: 297984/300000, Episodes: 287768, Avg Reward: -8.07, Avg Length: 0.0, Steps/sec: 673.0, Policy Loss: 23.3109, Value Loss: 0.7656
2025-09-17 14:48:12,668 - src.training.trainer - INFO - Timesteps: 299520/300000, Episodes: 289251, Avg Reward: -8.08, Avg Length: 0.0, Steps/sec: 673.5, Policy Loss: 17.3729, Value Loss: 0.7009
2025-09-17 14:48:15,905 - src.training.trainer - INFO - Timesteps: 301056/300000, Episodes: 290735, Avg Reward: -8.04, Avg Length: 0.0, Steps/sec: 675.5, Policy Loss: 18.8959, Value Loss: 0.5963
2025-09-17 14:48:15,905 - src.training.trainer - INFO - 学習完了。最終評価を実行します
2025-09-17 14:48:15,905 - src.training.trainer - INFO - Episode 290735: 評価を実行中...
2025-09-17 14:48:15,905 - src.training.evaluator - INFO - 評価を開始します（エピソード数: 5）
2025-09-17 14:48:16,104 - src.training.evaluator - INFO - Episode 1/5: Reward=-24381.06, Success=False, Distance=0.705m, Time=0.02s
2025-09-17 14:48:16,304 - src.training.evaluator - INFO - Episode 2/5: Reward=-24392.35, Success=False, Distance=0.705m, Time=0.02s
2025-09-17 14:48:16,506 - src.training.evaluator - INFO - Episode 3/5: Reward=-24392.35, Success=False, Distance=0.705m, Time=0.02s
2025-09-17 14:48:16,705 - src.training.evaluator - INFO - Episode 4/5: Reward=-24392.35, Success=False, Distance=0.705m, Time=0.02s
2025-09-17 14:48:16,902 - src.training.evaluator - INFO - Episode 5/5: Reward=-24392.35, Success=False, Distance=0.705m, Time=0.02s
2025-09-17 14:48:16,905 - src.training.evaluator - INFO - 評価結果を保存しました: data/experiments/parallel_training/bittle_walking_1758087456/evaluation_results.yaml
2025-09-17 14:48:17,396 - src.training.evaluator - INFO - 評価結果の可視化を保存しました
2025-09-17 14:48:17,397 - src.training.evaluator - INFO - 評価完了
2025-09-17 14:48:17,397 - src.training.trainer - INFO - 評価結果 - Success Rate: 0.00 | Avg Reward: -24390.09 | Avg Time: 0.02s | Avg Distance: 0.71m
2025-09-17 14:48:17,402 - src.training.trainer - INFO - 最終モデルを保存しました: data/experiments/parallel_training/bittle_walking_1758087456/final_model.pth
2025-09-17 14:48:17,402 - src.training.trainer - INFO - 学習結果を保存しました: data/experiments/parallel_training/bittle_walking_1758087456/training_results.yaml
2025-09-17 14:48:17,403 - src.training.trainer - INFO - 並列学習完了。総時間: 635.7秒
2025-09-17 14:48:17,403 - src.training.trainer - INFO - TensorBoardログ: data/experiments/parallel_training/bittle_walking_1758087456/tensorboard
2025-09-17 14:48:17,403 - __main__ - INFO - 並列学習完了!
2025-09-17 14:48:17,403 - __main__ - INFO - ==================================================
2025-09-17 14:48:17,403 - __main__ - INFO - 学習結果:
2025-09-17 14:48:17,403 - __main__ - INFO -   num_episodes: 5
2025-09-17 14:48:17,403 - __main__ - INFO -   success_rate: 0.0
2025-09-17 14:48:17,403 - __main__ - INFO -   avg_reward: -24390.093721761077
2025-09-17 14:48:17,403 - __main__ - INFO -   std_reward: 4.51719422058668
2025-09-17 14:48:17,403 - __main__ - INFO -   min_reward: -24392.35231887137
2025-09-17 14:48:17,403 - __main__ - INFO -   max_reward: -24381.059333319903
2025-09-17 14:48:17,403 - __main__ - INFO -   avg_length: 53.0
2025-09-17 14:48:17,403 - __main__ - INFO -   std_length: 0.0
2025-09-17 14:48:17,403 - __main__ - INFO -   avg_time: 0.01844487190246582
2025-09-17 14:48:17,403 - __main__ - INFO -   std_time: 0.0013471296058610023
2025-09-17 14:48:17,403 - __main__ - INFO -   avg_distance: 0.7052629860330886
2025-09-17 14:48:17,403 - __main__ - INFO -   std_distance: 0.0
2025-09-17 14:48:17,403 - __main__ - INFO -   min_distance: 0.7052629860330886
2025-09-17 14:48:17,403 - __main__ - INFO -   max_distance: 0.7052629860330886
2025-09-17 14:48:17,403 - __main__ - INFO -   success_count: 0
2025-09-17 14:48:17,403 - __main__ - INFO -   failure_count: 5
2025-09-17 14:48:17,403 - __main__ - INFO -   avg_forward_rewards: -184.07617903215902
2025-09-17 14:48:17,403 - __main__ - INFO -   std_forward_rewards: 202.16338456810124
2025-09-17 14:48:17,403 - __main__ - INFO -   avg_stability_rewards: -138.05713427411925
2025-09-17 14:48:17,403 - __main__ - INFO -   std_stability_rewards: 151.62253842607592
2025-09-17 14:48:17,403 - __main__ - INFO -   avg_efficiency_rewards: -92.03808951607951
2025-09-17 14:48:17,403 - __main__ - INFO -   std_efficiency_rewards: 101.08169228405062
2025-09-17 14:48:17,403 - __main__ - INFO -   avg_penalties: -46.019044758039755
2025-09-17 14:48:17,403 - __main__ - INFO -   std_penalties: 50.54084614202531
2025-09-17 14:48:17,403 - __main__ - INFO -   avg_positions: 0.3771076243472033
2025-09-17 14:48:17,403 - __main__ - INFO -   std_positions: 0.40682441122592555
2025-09-17 14:48:17,403 - __main__ - INFO -   avg_orientations: 0.31062698128424937
2025-09-17 14:48:17,403 - __main__ - INFO -   std_orientations: 0.3918046432831477
2025-09-17 14:48:17,403 - __main__ - INFO -   avg_joint_angles: nan
2025-09-17 14:48:17,403 - __main__ - INFO -   std_joint_angles: nan
2025-09-17 14:48:17,403 - __main__ - INFO -   avg_joint_velocities: nan
2025-09-17 14:48:17,403 - __main__ - INFO -   std_joint_velocities: nan
2025-09-17 14:48:17,403 - __main__ - INFO -   avg_actions: 0.25
2025-09-17 14:48:17,403 - __main__ - INFO -   std_actions: 0.9682458639144897
2025-09-17 14:48:17,403 - __main__ - INFO -   efficiency: 0.0
2025-09-17 14:48:17,403 - __main__ - INFO -   energy_efficiency: -2.8915960474717084e-05
2025-09-17 14:48:17,403 - __main__ - INFO - ==================================================
2025-09-17 15:09:30,732 - __main__ - INFO - 並列学習を開始します...
2025-09-17 15:09:30,733 - __main__ - INFO - 設定ファイル: config/training_config_1h.yaml
2025-09-17 15:09:30,733 - __main__ - INFO - 出力ディレクトリ: data/experiments/parallel_training
2025-09-17 15:09:36,354 - src.training.trainer - INFO - 並列トレーナーを初期化しました（環境数: 12）
2025-09-17 15:09:36,355 - src.training.trainer - INFO - TensorBoardログディレクトリ: data/experiments/parallel_training/bittle_walking_1758089370/tensorboard
2025-09-17 15:09:36,355 - src.training.trainer - INFO - TensorBoard起動コマンド: tensorboard --logdir=data/experiments/parallel_training/bittle_walking_1758089370/tensorboard
2025-09-17 15:09:36,355 - __main__ - INFO - 並列環境数: 12
2025-09-17 15:09:36,355 - __main__ - INFO - バッチサイズ: 256
2025-09-17 15:09:36,355 - __main__ - INFO - 総タイムステップ数: 1800000
2025-09-17 15:09:36,355 - src.training.trainer - INFO - 並列学習を開始します...
2025-09-17 15:09:39,262 - src.training.trainer - INFO - Timesteps: 1536/1800000, Episodes: 1472, Avg Reward: -8.04, Avg Length: 0.0, Steps/sec: 658.2, Policy Loss: 2.6187, Value Loss: 1.0652
2025-09-17 15:09:41,973 - src.training.trainer - INFO - Timesteps: 3072/1800000, Episodes: 2954, Avg Reward: -8.07, Avg Length: 0.0, Steps/sec: 682.0, Policy Loss: 2.6165, Value Loss: 4.6975
2025-09-17 15:09:44,672 - src.training.trainer - INFO - Timesteps: 4608/1800000, Episodes: 4445, Avg Reward: -8.41, Avg Length: 0.0, Steps/sec: 688.9, Policy Loss: 8.0785, Value Loss: 2.8396
2025-09-17 15:09:47,413 - src.training.trainer - INFO - Timesteps: 6144/1800000, Episodes: 5936, Avg Reward: -8.40, Avg Length: 0.0, Steps/sec: 683.9, Policy Loss: 7.3456, Value Loss: 2.5751
2025-09-17 15:09:50,168 - src.training.trainer - INFO - Timesteps: 7680/1800000, Episodes: 7422, Avg Reward: -8.45, Avg Length: 0.0, Steps/sec: 680.3, Policy Loss: 3.9152, Value Loss: 5.3440
2025-09-17 15:09:52,883 - src.training.trainer - INFO - Timesteps: 9216/1800000, Episodes: 8909, Avg Reward: -8.44, Avg Length: 0.0, Steps/sec: 686.3, Policy Loss: 18.0533, Value Loss: 3.9860
2025-09-17 15:09:55,614 - src.training.trainer - INFO - Timesteps: 10752/1800000, Episodes: 10395, Avg Reward: -8.44, Avg Length: 0.0, Steps/sec: 682.8, Policy Loss: 15.6772, Value Loss: 3.6915
2025-09-17 15:09:58,305 - src.training.trainer - INFO - Timesteps: 12288/1800000, Episodes: 11881, Avg Reward: -8.43, Avg Length: 0.0, Steps/sec: 695.4, Policy Loss: 28.8866, Value Loss: 3.2562
2025-09-17 15:10:01,021 - src.training.trainer - INFO - Timesteps: 13824/1800000, Episodes: 13367, Avg Reward: -8.44, Avg Length: 0.0, Steps/sec: 690.1, Policy Loss: 23.8546, Value Loss: 3.3200
2025-09-17 15:10:03,753 - src.training.trainer - INFO - Timesteps: 15360/1800000, Episodes: 14853, Avg Reward: -8.43, Avg Length: 0.0, Steps/sec: 684.1, Policy Loss: 33.1428, Value Loss: 3.3490
2025-09-17 15:10:06,521 - src.training.trainer - INFO - Timesteps: 16896/1800000, Episodes: 16339, Avg Reward: -8.45, Avg Length: 0.0, Steps/sec: 680.4, Policy Loss: 23.0542, Value Loss: 3.2760
2025-09-17 15:10:09,300 - src.training.trainer - INFO - Timesteps: 18432/1800000, Episodes: 17825, Avg Reward: -8.45, Avg Length: 0.0, Steps/sec: 682.9, Policy Loss: 23.4416, Value Loss: 3.5293
2025-09-17 15:10:12,071 - src.training.trainer - INFO - Timesteps: 19968/1800000, Episodes: 19311, Avg Reward: -8.44, Avg Length: 0.0, Steps/sec: 682.0, Policy Loss: 25.6900, Value Loss: 3.6102
2025-09-17 15:10:14,831 - src.training.trainer - INFO - Timesteps: 21504/1800000, Episodes: 20798, Avg Reward: -8.44, Avg Length: 0.0, Steps/sec: 679.8, Policy Loss: 30.4897, Value Loss: 3.3155
2025-09-17 15:10:17,622 - src.training.trainer - INFO - Timesteps: 23040/1800000, Episodes: 22284, Avg Reward: -8.44, Avg Length: 0.0, Steps/sec: 675.8, Policy Loss: 34.3239, Value Loss: 2.8088
2025-09-17 15:10:20,365 - src.training.trainer - INFO - Timesteps: 24576/1800000, Episodes: 23770, Avg Reward: -8.44, Avg Length: 0.0, Steps/sec: 682.9, Policy Loss: 30.0750, Value Loss: 2.8070
2025-09-17 15:10:23,124 - src.training.trainer - INFO - Timesteps: 26112/1800000, Episodes: 25256, Avg Reward: -8.44, Avg Length: 0.0, Steps/sec: 684.0, Policy Loss: 23.8744, Value Loss: 1.4679
2025-09-17 15:10:25,895 - src.training.trainer - INFO - Timesteps: 27648/1800000, Episodes: 26743, Avg Reward: -8.44, Avg Length: 0.0, Steps/sec: 680.5, Policy Loss: 20.3826, Value Loss: 1.0826
2025-09-17 15:10:28,692 - src.training.trainer - INFO - Timesteps: 29184/1800000, Episodes: 28229, Avg Reward: -8.44, Avg Length: 0.0, Steps/sec: 678.4, Policy Loss: 21.4772, Value Loss: 0.8568
2025-09-17 15:10:31,485 - src.training.trainer - INFO - Timesteps: 30720/1800000, Episodes: 29715, Avg Reward: -8.44, Avg Length: 0.0, Steps/sec: 669.3, Policy Loss: 7.2547, Value Loss: 0.7759
2025-09-17 15:10:34,194 - src.training.trainer - INFO - Timesteps: 32256/1800000, Episodes: 31201, Avg Reward: -8.44, Avg Length: 0.0, Steps/sec: 689.5, Policy Loss: 24.4084, Value Loss: 0.6646
2025-09-17 15:10:36,930 - src.training.trainer - INFO - Timesteps: 33792/1800000, Episodes: 32687, Avg Reward: -8.44, Avg Length: 0.0, Steps/sec: 684.4, Policy Loss: 33.8878, Value Loss: 0.7669
2025-09-17 15:10:39,693 - src.training.trainer - INFO - Timesteps: 35328/1800000, Episodes: 34173, Avg Reward: -8.43, Avg Length: 0.0, Steps/sec: 682.3, Policy Loss: 24.1223, Value Loss: 0.8883
2025-09-17 15:10:42,457 - src.training.trainer - INFO - Timesteps: 36864/1800000, Episodes: 35659, Avg Reward: -8.45, Avg Length: 0.0, Steps/sec: 674.4, Policy Loss: 37.4189, Value Loss: 1.0005
2025-09-17 15:10:45,206 - src.training.trainer - INFO - Timesteps: 38400/1800000, Episodes: 37145, Avg Reward: -8.44, Avg Length: 0.0, Steps/sec: 680.1, Policy Loss: 31.3765, Value Loss: 1.0726
2025-09-17 15:10:47,951 - src.training.trainer - INFO - Timesteps: 39936/1800000, Episodes: 38631, Avg Reward: -8.44, Avg Length: 0.0, Steps/sec: 691.9, Policy Loss: 25.3883, Value Loss: 0.9745
2025-09-17 15:10:50,633 - src.training.trainer - INFO - Timesteps: 41472/1800000, Episodes: 40117, Avg Reward: -8.43, Avg Length: 0.0, Steps/sec: 691.8, Policy Loss: 44.3437, Value Loss: 0.9221
2025-09-17 15:10:53,387 - src.training.trainer - INFO - Timesteps: 43008/1800000, Episodes: 41603, Avg Reward: -8.44, Avg Length: 0.0, Steps/sec: 679.9, Policy Loss: 40.1218, Value Loss: 0.7980
2025-09-17 15:10:56,096 - src.training.trainer - INFO - Timesteps: 44544/1800000, Episodes: 43089, Avg Reward: -8.43, Avg Length: 0.0, Steps/sec: 689.5, Policy Loss: 20.3583, Value Loss: 0.8296
2025-09-17 15:10:58,815 - src.training.trainer - INFO - Timesteps: 46080/1800000, Episodes: 44575, Avg Reward: -8.45, Avg Length: 0.0, Steps/sec: 688.6, Policy Loss: 30.3316, Value Loss: 0.6957
2025-09-17 15:11:01,606 - src.training.trainer - INFO - Timesteps: 47616/1800000, Episodes: 46062, Avg Reward: -8.44, Avg Length: 0.0, Steps/sec: 672.0, Policy Loss: 32.7497, Value Loss: 0.5864
2025-09-17 15:11:04,323 - src.training.trainer - INFO - Timesteps: 49152/1800000, Episodes: 47548, Avg Reward: -8.44, Avg Length: 0.0, Steps/sec: 689.9, Policy Loss: 31.8364, Value Loss: 0.4770
2025-09-17 15:11:07,026 - src.training.trainer - INFO - Timesteps: 50688/1800000, Episodes: 49034, Avg Reward: -8.45, Avg Length: 0.0, Steps/sec: 690.4, Policy Loss: 22.3434, Value Loss: 0.4732
2025-09-17 15:11:09,809 - src.training.trainer - INFO - Timesteps: 52224/1800000, Episodes: 50520, Avg Reward: -8.45, Avg Length: 0.0, Steps/sec: 675.5, Policy Loss: 25.6383, Value Loss: 0.5394
2025-09-17 15:11:12,533 - src.training.trainer - INFO - Timesteps: 53760/1800000, Episodes: 52006, Avg Reward: -8.44, Avg Length: 0.0, Steps/sec: 691.7, Policy Loss: 24.2953, Value Loss: 0.5510
2025-09-17 15:11:15,314 - src.training.trainer - INFO - Timesteps: 55296/1800000, Episodes: 53492, Avg Reward: -8.45, Avg Length: 0.0, Steps/sec: 673.3, Policy Loss: 19.3881, Value Loss: 0.6105
2025-09-17 15:11:18,093 - src.training.trainer - INFO - Timesteps: 56832/1800000, Episodes: 54978, Avg Reward: -8.45, Avg Length: 0.0, Steps/sec: 671.4, Policy Loss: 17.7626, Value Loss: 0.8062
2025-09-17 15:11:20,832 - src.training.trainer - INFO - Timesteps: 58368/1800000, Episodes: 56464, Avg Reward: -8.44, Avg Length: 0.0, Steps/sec: 691.5, Policy Loss: 24.7469, Value Loss: 0.7971
2025-09-17 15:11:23,551 - src.training.trainer - INFO - Timesteps: 59904/1800000, Episodes: 57950, Avg Reward: -8.43, Avg Length: 0.0, Steps/sec: 692.9, Policy Loss: 25.6088, Value Loss: 0.8311
2025-09-17 15:11:26,337 - src.training.trainer - INFO - Timesteps: 61440/1800000, Episodes: 59436, Avg Reward: -8.44, Avg Length: 0.0, Steps/sec: 674.7, Policy Loss: 14.5270, Value Loss: 0.8257
2025-09-17 15:11:29,049 - src.training.trainer - INFO - Timesteps: 62976/1800000, Episodes: 60922, Avg Reward: -8.45, Avg Length: 0.0, Steps/sec: 686.7, Policy Loss: 14.9271, Value Loss: 0.7682
2025-09-17 15:11:31,785 - src.training.trainer - INFO - Timesteps: 64512/1800000, Episodes: 62408, Avg Reward: -8.43, Avg Length: 0.0, Steps/sec: 678.9, Policy Loss: 18.1493, Value Loss: 0.6858
2025-09-17 15:11:34,475 - src.training.trainer - INFO - Timesteps: 66048/1800000, Episodes: 63894, Avg Reward: -8.43, Avg Length: 0.0, Steps/sec: 685.9, Policy Loss: 18.5916, Value Loss: 0.6754
2025-09-17 15:11:37,176 - src.training.trainer - INFO - Timesteps: 67584/1800000, Episodes: 65380, Avg Reward: -8.45, Avg Length: 0.0, Steps/sec: 693.5, Policy Loss: 1095.1351, Value Loss: 0.5759
2025-09-17 15:11:39,903 - src.training.trainer - INFO - Timesteps: 69120/1800000, Episodes: 66866, Avg Reward: -8.44, Avg Length: 0.0, Steps/sec: 689.0, Policy Loss: 2020.2861, Value Loss: 0.5177
2025-09-17 15:11:42,659 - src.training.trainer - INFO - Timesteps: 70656/1800000, Episodes: 68352, Avg Reward: -8.45, Avg Length: 0.0, Steps/sec: 678.4, Policy Loss: 1899.8250, Value Loss: 0.5348
2025-09-17 15:11:45,441 - src.training.trainer - INFO - Timesteps: 72192/1800000, Episodes: 69838, Avg Reward: -8.45, Avg Length: 0.0, Steps/sec: 662.8, Policy Loss: 2339.2537, Value Loss: 0.5737
2025-09-17 15:11:48,139 - src.training.trainer - INFO - Timesteps: 73728/1800000, Episodes: 71324, Avg Reward: -8.44, Avg Length: 0.0, Steps/sec: 688.1, Policy Loss: 1187.4082, Value Loss: 0.6740
2025-09-17 15:11:50,860 - src.training.trainer - INFO - Timesteps: 75264/1800000, Episodes: 72810, Avg Reward: -8.45, Avg Length: 0.0, Steps/sec: 688.0, Policy Loss: 3340.1803, Value Loss: 0.7188
2025-09-17 15:11:53,574 - src.training.trainer - INFO - Timesteps: 76800/1800000, Episodes: 74296, Avg Reward: -8.45, Avg Length: 0.0, Steps/sec: 685.5, Policy Loss: 610.2600, Value Loss: 0.8483
2025-09-17 15:11:56,274 - src.training.trainer - INFO - Timesteps: 78336/1800000, Episodes: 75782, Avg Reward: -8.44, Avg Length: 0.0, Steps/sec: 684.9, Policy Loss: 1556.8443, Value Loss: 0.8968
2025-09-17 15:11:58,994 - src.training.trainer - INFO - Timesteps: 79872/1800000, Episodes: 77268, Avg Reward: -8.44, Avg Length: 0.0, Steps/sec: 682.3, Policy Loss: 1074.0896, Value Loss: 0.8521
2025-09-17 15:12:01,705 - src.training.trainer - INFO - Timesteps: 81408/1800000, Episodes: 78754, Avg Reward: -8.45, Avg Length: 0.0, Steps/sec: 687.0, Policy Loss: 3881.3006, Value Loss: 0.8194
2025-09-17 15:12:04,428 - src.training.trainer - INFO - Timesteps: 82944/1800000, Episodes: 80240, Avg Reward: -8.44, Avg Length: 0.0, Steps/sec: 681.3, Policy Loss: 857.1755, Value Loss: 0.6546
2025-09-17 15:12:07,205 - src.training.trainer - INFO - Timesteps: 84480/1800000, Episodes: 81726, Avg Reward: -8.44, Avg Length: 0.0, Steps/sec: 671.3, Policy Loss: 663.7876, Value Loss: 0.6401
2025-09-17 15:12:09,929 - src.training.trainer - INFO - Timesteps: 86016/1800000, Episodes: 83212, Avg Reward: -8.44, Avg Length: 0.0, Steps/sec: 687.1, Policy Loss: 8.8469, Value Loss: 0.6191
2025-09-17 15:12:12,678 - src.training.trainer - INFO - Timesteps: 87552/1800000, Episodes: 84698, Avg Reward: -8.44, Avg Length: 0.0, Steps/sec: 680.0, Policy Loss: 6.1326, Value Loss: 0.6136
2025-09-17 15:12:15,381 - src.training.trainer - INFO - Timesteps: 89088/1800000, Episodes: 86185, Avg Reward: -8.43, Avg Length: 0.0, Steps/sec: 687.3, Policy Loss: 5.0219, Value Loss: 0.6929
2025-09-17 15:12:18,093 - src.training.trainer - INFO - Timesteps: 90624/1800000, Episodes: 87672, Avg Reward: -8.44, Avg Length: 0.0, Steps/sec: 690.0, Policy Loss: 5.1987, Value Loss: 0.8605
2025-09-17 15:12:20,840 - src.training.trainer - INFO - Timesteps: 92160/1800000, Episodes: 89158, Avg Reward: -8.45, Avg Length: 0.0, Steps/sec: 681.8, Policy Loss: 9.2589, Value Loss: 0.9063
2025-09-17 15:12:23,531 - src.training.trainer - INFO - Timesteps: 93696/1800000, Episodes: 90644, Avg Reward: -8.44, Avg Length: 0.0, Steps/sec: 692.9, Policy Loss: 12.0608, Value Loss: 1.0709
2025-09-17 15:12:26,314 - src.training.trainer - INFO - Timesteps: 95232/1800000, Episodes: 92130, Avg Reward: -8.45, Avg Length: 0.0, Steps/sec: 668.7, Policy Loss: 14.1637, Value Loss: 1.4030
2025-09-17 15:12:29,067 - src.training.trainer - INFO - Timesteps: 96768/1800000, Episodes: 93616, Avg Reward: -8.45, Avg Length: 0.0, Steps/sec: 677.6, Policy Loss: 9.8564, Value Loss: 1.5433
2025-09-17 15:12:31,798 - src.training.trainer - INFO - Timesteps: 98304/1800000, Episodes: 95102, Avg Reward: -8.44, Avg Length: 0.0, Steps/sec: 685.9, Policy Loss: 7.8059, Value Loss: 1.2859
2025-09-17 15:12:34,587 - src.training.trainer - INFO - Timesteps: 99840/1800000, Episodes: 96588, Avg Reward: -8.44, Avg Length: 0.0, Steps/sec: 667.4, Policy Loss: 10.9736, Value Loss: 1.1364
2025-09-17 15:12:37,329 - src.training.trainer - INFO - Timesteps: 101376/1800000, Episodes: 98074, Avg Reward: -8.44, Avg Length: 0.0, Steps/sec: 681.5, Policy Loss: 8.1310, Value Loss: 0.8721
2025-09-17 15:12:40,084 - src.training.trainer - INFO - Timesteps: 102912/1800000, Episodes: 99560, Avg Reward: -8.44, Avg Length: 0.0, Steps/sec: 678.0, Policy Loss: 8.6969, Value Loss: 0.5821
2025-09-17 15:12:42,805 - src.training.trainer - INFO - Timesteps: 104448/1800000, Episodes: 101046, Avg Reward: -8.45, Avg Length: 0.0, Steps/sec: 685.3, Policy Loss: 10.6943, Value Loss: 0.4643
2025-09-17 15:12:45,612 - src.training.trainer - INFO - Timesteps: 105984/1800000, Episodes: 102532, Avg Reward: -8.43, Avg Length: 0.0, Steps/sec: 660.8, Policy Loss: 10.9043, Value Loss: 0.4710
2025-09-17 15:12:48,320 - src.training.trainer - INFO - Timesteps: 107520/1800000, Episodes: 104018, Avg Reward: -8.43, Avg Length: 0.0, Steps/sec: 686.3, Policy Loss: 12.9694, Value Loss: 0.5779
2025-09-17 15:12:51,032 - src.training.trainer - INFO - Timesteps: 109056/1800000, Episodes: 105504, Avg Reward: -8.45, Avg Length: 0.0, Steps/sec: 688.2, Policy Loss: 8.0195, Value Loss: 0.6375
2025-09-17 15:12:53,783 - src.training.trainer - INFO - Timesteps: 110592/1800000, Episodes: 106991, Avg Reward: -8.44, Avg Length: 0.0, Steps/sec: 673.4, Policy Loss: 12.9376, Value Loss: 0.6437
2025-09-17 15:12:56,530 - src.training.trainer - INFO - Timesteps: 112128/1800000, Episodes: 108477, Avg Reward: -8.45, Avg Length: 0.0, Steps/sec: 680.0, Policy Loss: 15.1352, Value Loss: 0.6563
2025-09-17 15:12:59,258 - src.training.trainer - INFO - Timesteps: 113664/1800000, Episodes: 109963, Avg Reward: -8.44, Avg Length: 0.0, Steps/sec: 685.6, Policy Loss: 12.6413, Value Loss: 0.7905
2025-09-17 15:13:02,032 - src.training.trainer - INFO - Timesteps: 115200/1800000, Episodes: 111449, Avg Reward: -8.44, Avg Length: 0.0, Steps/sec: 672.5, Policy Loss: 15.5998, Value Loss: 0.6364
2025-09-17 15:13:04,754 - src.training.trainer - INFO - Timesteps: 116736/1800000, Episodes: 112935, Avg Reward: -8.45, Avg Length: 0.0, Steps/sec: 688.3, Policy Loss: 25.0190, Value Loss: 0.7079
2025-09-17 15:13:07,472 - src.training.trainer - INFO - Timesteps: 118272/1800000, Episodes: 114421, Avg Reward: -8.43, Avg Length: 0.0, Steps/sec: 681.4, Policy Loss: 16.9628, Value Loss: 0.5951
2025-09-17 15:13:10,227 - src.training.trainer - INFO - Timesteps: 119808/1800000, Episodes: 115907, Avg Reward: -8.44, Avg Length: 0.0, Steps/sec: 681.3, Policy Loss: 14.9458, Value Loss: 0.6991
2025-09-17 15:13:12,986 - src.training.trainer - INFO - Timesteps: 121344/1800000, Episodes: 117393, Avg Reward: -8.44, Avg Length: 0.0, Steps/sec: 675.7, Policy Loss: 18.9289, Value Loss: 0.5498
2025-09-17 15:13:15,777 - src.training.trainer - INFO - Timesteps: 122880/1800000, Episodes: 118879, Avg Reward: -8.44, Avg Length: 0.0, Steps/sec: 667.2, Policy Loss: 15.5537, Value Loss: 0.4449
2025-09-17 15:13:18,464 - src.training.trainer - INFO - Timesteps: 124416/1800000, Episodes: 120365, Avg Reward: -8.44, Avg Length: 0.0, Steps/sec: 689.6, Policy Loss: 12.2077, Value Loss: 0.5388
2025-09-17 15:13:21,170 - src.training.trainer - INFO - Timesteps: 125952/1800000, Episodes: 121851, Avg Reward: -8.45, Avg Length: 0.0, Steps/sec: 688.7, Policy Loss: 20.2894, Value Loss: 0.7482
2025-09-17 15:13:23,931 - src.training.trainer - INFO - Timesteps: 127488/1800000, Episodes: 123337, Avg Reward: -8.44, Avg Length: 0.0, Steps/sec: 672.0, Policy Loss: 34.1021, Value Loss: 0.9776
2025-09-17 15:13:26,692 - src.training.trainer - INFO - Timesteps: 129024/1800000, Episodes: 124824, Avg Reward: -8.44, Avg Length: 0.0, Steps/sec: 676.2, Policy Loss: 16.5943, Value Loss: 1.0352
2025-09-17 15:13:29,461 - src.training.trainer - INFO - Timesteps: 130560/1800000, Episodes: 126310, Avg Reward: -8.44, Avg Length: 0.0, Steps/sec: 670.9, Policy Loss: 16.1814, Value Loss: 1.4283
2025-09-17 15:13:32,228 - src.training.trainer - INFO - Timesteps: 132096/1800000, Episodes: 127796, Avg Reward: -8.43, Avg Length: 0.0, Steps/sec: 666.7, Policy Loss: 15.2724, Value Loss: 1.3148
2025-09-17 15:13:34,978 - src.training.trainer - INFO - Timesteps: 133632/1800000, Episodes: 129282, Avg Reward: -8.46, Avg Length: 0.0, Steps/sec: 678.0, Policy Loss: 15.7280, Value Loss: 1.4297
2025-09-17 15:13:37,741 - src.training.trainer - INFO - Timesteps: 135168/1800000, Episodes: 130768, Avg Reward: -8.45, Avg Length: 0.0, Steps/sec: 674.7, Policy Loss: 20.8042, Value Loss: 1.5653
2025-09-17 15:13:40,498 - src.training.trainer - INFO - Timesteps: 136704/1800000, Episodes: 132254, Avg Reward: -8.44, Avg Length: 0.0, Steps/sec: 675.7, Policy Loss: 25.4189, Value Loss: 1.1838
2025-09-17 15:13:43,267 - src.training.trainer - INFO - Timesteps: 138240/1800000, Episodes: 133740, Avg Reward: -8.43, Avg Length: 0.0, Steps/sec: 673.8, Policy Loss: 19.7483, Value Loss: 0.8398
2025-09-17 15:13:46,066 - src.training.trainer - INFO - Timesteps: 139776/1800000, Episodes: 135227, Avg Reward: -8.44, Avg Length: 0.0, Steps/sec: 658.9, Policy Loss: 31.8683, Value Loss: 0.5756
2025-09-17 15:13:48,821 - src.training.trainer - INFO - Timesteps: 141312/1800000, Episodes: 136713, Avg Reward: -8.45, Avg Length: 0.0, Steps/sec: 678.6, Policy Loss: 24.7428, Value Loss: 0.4084
2025-09-17 15:13:51,559 - src.training.trainer - INFO - Timesteps: 142848/1800000, Episodes: 138199, Avg Reward: -8.44, Avg Length: 0.0, Steps/sec: 683.6, Policy Loss: 31.5967, Value Loss: 0.3582
2025-09-17 15:13:54,355 - src.training.trainer - INFO - Timesteps: 144384/1800000, Episodes: 139685, Avg Reward: -8.45, Avg Length: 0.0, Steps/sec: 665.2, Policy Loss: 19.6791, Value Loss: 0.4463
2025-09-17 15:13:57,067 - src.training.trainer - INFO - Timesteps: 145920/1800000, Episodes: 141171, Avg Reward: -8.44, Avg Length: 0.0, Steps/sec: 688.0, Policy Loss: 69.4982, Value Loss: 0.5864
2025-09-17 15:13:59,812 - src.training.trainer - INFO - Timesteps: 147456/1800000, Episodes: 142657, Avg Reward: -8.44, Avg Length: 0.0, Steps/sec: 683.3, Policy Loss: 45.8727, Value Loss: 0.7053
2025-09-17 15:14:02,565 - src.training.trainer - INFO - Timesteps: 148992/1800000, Episodes: 144143, Avg Reward: -8.44, Avg Length: 0.0, Steps/sec: 674.0, Policy Loss: 44.4121, Value Loss: 0.7910
2025-09-17 15:14:05,328 - src.training.trainer - INFO - Timesteps: 150528/1800000, Episodes: 145629, Avg Reward: -8.45, Avg Length: 0.0, Steps/sec: 686.8, Policy Loss: 30.6911, Value Loss: 1.0068
2025-09-17 15:14:08,084 - src.training.trainer - INFO - Timesteps: 152064/1800000, Episodes: 147115, Avg Reward: -8.43, Avg Length: 0.0, Steps/sec: 683.5, Policy Loss: 59.4744, Value Loss: 1.2584
2025-09-17 15:14:10,845 - src.training.trainer - INFO - Timesteps: 153600/1800000, Episodes: 148601, Avg Reward: -8.44, Avg Length: 0.0, Steps/sec: 675.0, Policy Loss: 27.4655, Value Loss: 0.6993
2025-09-17 15:14:13,672 - src.training.trainer - INFO - Timesteps: 155136/1800000, Episodes: 150087, Avg Reward: -8.43, Avg Length: 0.0, Steps/sec: 676.7, Policy Loss: 48.6060, Value Loss: 0.7603
2025-09-17 15:14:16,439 - src.training.trainer - INFO - Timesteps: 156672/1800000, Episodes: 151573, Avg Reward: -8.44, Avg Length: 0.0, Steps/sec: 673.3, Policy Loss: 38.6936, Value Loss: 1.2027
2025-09-17 15:14:19,181 - src.training.trainer - INFO - Timesteps: 158208/1800000, Episodes: 153059, Avg Reward: -8.44, Avg Length: 0.0, Steps/sec: 687.1, Policy Loss: 56.2738, Value Loss: 1.0047
2025-09-17 15:14:21,985 - src.training.trainer - INFO - Timesteps: 159744/1800000, Episodes: 154545, Avg Reward: -8.43, Avg Length: 0.0, Steps/sec: 682.7, Policy Loss: 29.4049, Value Loss: 0.5770
2025-09-17 15:14:24,847 - src.training.trainer - INFO - Timesteps: 161280/1800000, Episodes: 156031, Avg Reward: -8.44, Avg Length: 0.0, Steps/sec: 657.1, Policy Loss: 25.5162, Value Loss: 0.5736
2025-09-17 15:14:27,639 - src.training.trainer - INFO - Timesteps: 162816/1800000, Episodes: 157517, Avg Reward: -8.44, Avg Length: 0.0, Steps/sec: 680.1, Policy Loss: 65.0603, Value Loss: 0.6464
2025-09-17 15:14:30,444 - src.training.trainer - INFO - Timesteps: 164352/1800000, Episodes: 159003, Avg Reward: -8.43, Avg Length: 0.0, Steps/sec: 675.5, Policy Loss: 7.6469, Value Loss: 0.7359
2025-09-17 15:14:33,246 - src.training.trainer - INFO - Timesteps: 165888/1800000, Episodes: 160489, Avg Reward: -8.45, Avg Length: 0.0, Steps/sec: 682.9, Policy Loss: 6.2919, Value Loss: 0.7504
2025-09-17 15:14:36,030 - src.training.trainer - INFO - Timesteps: 167424/1800000, Episodes: 161975, Avg Reward: -8.45, Avg Length: 0.0, Steps/sec: 677.8, Policy Loss: 9.0355, Value Loss: 0.8744
2025-09-17 15:14:38,815 - src.training.trainer - INFO - Timesteps: 168960/1800000, Episodes: 163461, Avg Reward: -8.44, Avg Length: 0.0, Steps/sec: 676.8, Policy Loss: 10.2875, Value Loss: 1.1111
2025-09-17 15:14:41,606 - src.training.trainer - INFO - Timesteps: 170496/1800000, Episodes: 164947, Avg Reward: -8.45, Avg Length: 0.0, Steps/sec: 682.2, Policy Loss: 21.4975, Value Loss: 0.9815
2025-09-17 15:14:44,504 - src.training.trainer - INFO - Timesteps: 172032/1800000, Episodes: 166433, Avg Reward: -8.44, Avg Length: 0.0, Steps/sec: 654.5, Policy Loss: 20.1316, Value Loss: 0.7747
2025-09-17 15:14:47,356 - src.training.trainer - INFO - Timesteps: 173568/1800000, Episodes: 167919, Avg Reward: -8.44, Avg Length: 0.0, Steps/sec: 652.1, Policy Loss: 23.4430, Value Loss: 0.5385
2025-09-17 15:14:50,101 - src.training.trainer - INFO - Timesteps: 175104/1800000, Episodes: 169406, Avg Reward: -8.43, Avg Length: 0.0, Steps/sec: 677.7, Policy Loss: 15.5957, Value Loss: 0.5960
2025-09-17 15:14:52,935 - src.training.trainer - INFO - Timesteps: 176640/1800000, Episodes: 170892, Avg Reward: -8.44, Avg Length: 0.0, Steps/sec: 662.3, Policy Loss: 18.3874, Value Loss: 0.7646
2025-09-17 15:14:55,798 - src.training.trainer - INFO - Timesteps: 178176/1800000, Episodes: 172378, Avg Reward: -8.45, Avg Length: 0.0, Steps/sec: 658.2, Policy Loss: 21.1179, Value Loss: 0.8106
2025-09-17 15:14:58,580 - src.training.trainer - INFO - Timesteps: 179712/1800000, Episodes: 173864, Avg Reward: -8.45, Avg Length: 0.0, Steps/sec: 668.1, Policy Loss: 58.5127, Value Loss: 0.8062
2025-09-17 15:15:01,309 - src.training.trainer - INFO - Timesteps: 181248/1800000, Episodes: 175350, Avg Reward: -8.44, Avg Length: 0.0, Steps/sec: 678.3, Policy Loss: 60.7314, Value Loss: 0.7794
2025-09-17 15:15:04,126 - src.training.trainer - INFO - Timesteps: 182784/1800000, Episodes: 176836, Avg Reward: -8.44, Avg Length: 0.0, Steps/sec: 661.9, Policy Loss: 64.5218, Value Loss: 0.7829
2025-09-17 15:15:06,855 - src.training.trainer - INFO - Timesteps: 184320/1800000, Episodes: 178322, Avg Reward: -8.45, Avg Length: 0.0, Steps/sec: 682.4, Policy Loss: 86.6635, Value Loss: 0.8743
2025-09-17 15:15:09,585 - src.training.trainer - INFO - Timesteps: 185856/1800000, Episodes: 179809, Avg Reward: -8.44, Avg Length: 0.0, Steps/sec: 685.1, Policy Loss: 68.8656, Value Loss: 1.0914
2025-09-17 15:15:12,385 - src.training.trainer - INFO - Timesteps: 187392/1800000, Episodes: 181295, Avg Reward: -8.44, Avg Length: 0.0, Steps/sec: 672.6, Policy Loss: 54.4747, Value Loss: 1.1268
2025-09-17 15:15:15,123 - src.training.trainer - INFO - Timesteps: 188928/1800000, Episodes: 182781, Avg Reward: -8.44, Avg Length: 0.0, Steps/sec: 681.4, Policy Loss: 53.5470, Value Loss: 0.9811
2025-09-17 15:15:17,877 - src.training.trainer - INFO - Timesteps: 190464/1800000, Episodes: 184268, Avg Reward: -8.43, Avg Length: 0.0, Steps/sec: 679.0, Policy Loss: 38.8949, Value Loss: 1.0835
2025-09-17 15:15:20,648 - src.training.trainer - INFO - Timesteps: 192000/1800000, Episodes: 185754, Avg Reward: -8.45, Avg Length: 0.0, Steps/sec: 675.7, Policy Loss: 41.6173, Value Loss: 1.2049
2025-09-17 15:15:23,467 - src.training.trainer - INFO - Timesteps: 193536/1800000, Episodes: 187240, Avg Reward: -8.44, Avg Length: 0.0, Steps/sec: 661.4, Policy Loss: 32.2507, Value Loss: 1.0272
2025-09-17 15:15:26,271 - src.training.trainer - INFO - Timesteps: 195072/1800000, Episodes: 188726, Avg Reward: -8.44, Avg Length: 0.0, Steps/sec: 673.5, Policy Loss: 61.9368, Value Loss: 0.7807
2025-09-17 15:15:29,063 - src.training.trainer - INFO - Timesteps: 196608/1800000, Episodes: 190212, Avg Reward: -8.44, Avg Length: 0.0, Steps/sec: 668.3, Policy Loss: 55.0288, Value Loss: 0.8473
2025-09-17 15:15:31,839 - src.training.trainer - INFO - Timesteps: 198144/1800000, Episodes: 191698, Avg Reward: -8.45, Avg Length: 0.0, Steps/sec: 681.6, Policy Loss: 26.2268, Value Loss: 0.5942
2025-09-17 15:15:34,602 - src.training.trainer - INFO - Timesteps: 199680/1800000, Episodes: 193184, Avg Reward: -8.44, Avg Length: 0.0, Steps/sec: 677.5, Policy Loss: 24.4400, Value Loss: 0.6735
2025-09-17 15:15:37,360 - src.training.trainer - INFO - Timesteps: 201216/1800000, Episodes: 194671, Avg Reward: -8.43, Avg Length: 0.0, Steps/sec: 680.5, Policy Loss: 23.1795, Value Loss: 0.6978
2025-09-17 15:15:40,193 - src.training.trainer - INFO - Timesteps: 202752/1800000, Episodes: 196158, Avg Reward: -8.44, Avg Length: 0.0, Steps/sec: 666.5, Policy Loss: 40.2814, Value Loss: 1.0299
2025-09-17 15:15:42,985 - src.training.trainer - INFO - Timesteps: 204288/1800000, Episodes: 197644, Avg Reward: -8.45, Avg Length: 0.0, Steps/sec: 675.6, Policy Loss: 33.4929, Value Loss: 1.2590
2025-09-17 15:15:45,772 - src.training.trainer - INFO - Timesteps: 205824/1800000, Episodes: 199130, Avg Reward: -8.45, Avg Length: 0.0, Steps/sec: 676.6, Policy Loss: 28.9435, Value Loss: 1.3281
2025-09-17 15:15:48,579 - src.training.trainer - INFO - Timesteps: 207360/1800000, Episodes: 200616, Avg Reward: -8.43, Avg Length: 0.0, Steps/sec: 671.4, Policy Loss: 33.5580, Value Loss: 1.3748
2025-09-17 15:15:51,364 - src.training.trainer - INFO - Timesteps: 208896/1800000, Episodes: 202102, Avg Reward: -8.44, Avg Length: 0.0, Steps/sec: 669.9, Policy Loss: 40.3229, Value Loss: 0.7233
2025-09-17 15:15:54,148 - src.training.trainer - INFO - Timesteps: 210432/1800000, Episodes: 203588, Avg Reward: -8.44, Avg Length: 0.0, Steps/sec: 678.3, Policy Loss: 35.4598, Value Loss: 0.7287
2025-09-17 15:15:56,933 - src.training.trainer - INFO - Timesteps: 211968/1800000, Episodes: 205074, Avg Reward: -8.44, Avg Length: 0.0, Steps/sec: 678.3, Policy Loss: 22.7999, Value Loss: 1.3092
2025-09-17 15:15:59,739 - src.training.trainer - INFO - Timesteps: 213504/1800000, Episodes: 206560, Avg Reward: -8.44, Avg Length: 0.0, Steps/sec: 670.2, Policy Loss: 46.9934, Value Loss: 1.0702
2025-09-17 15:16:02,547 - src.training.trainer - INFO - Timesteps: 215040/1800000, Episodes: 208046, Avg Reward: -8.45, Avg Length: 0.0, Steps/sec: 671.7, Policy Loss: 32.3968, Value Loss: 0.8370
2025-09-17 15:16:05,305 - src.training.trainer - INFO - Timesteps: 216576/1800000, Episodes: 209532, Avg Reward: -8.45, Avg Length: 0.0, Steps/sec: 676.0, Policy Loss: 19.7857, Value Loss: 0.4940
2025-09-17 15:16:08,052 - src.training.trainer - INFO - Timesteps: 218112/1800000, Episodes: 211019, Avg Reward: -8.44, Avg Length: 0.0, Steps/sec: 684.8, Policy Loss: 24.9707, Value Loss: 0.5592
2025-09-17 15:16:10,822 - src.training.trainer - INFO - Timesteps: 219648/1800000, Episodes: 212505, Avg Reward: -8.45, Avg Length: 0.0, Steps/sec: 677.7, Policy Loss: 23.0308, Value Loss: 0.4668
2025-09-17 15:16:13,568 - src.training.trainer - INFO - Timesteps: 221184/1800000, Episodes: 213991, Avg Reward: -8.45, Avg Length: 0.0, Steps/sec: 681.8, Policy Loss: 15.0420, Value Loss: 0.5622
2025-09-17 15:16:16,315 - src.training.trainer - INFO - Timesteps: 222720/1800000, Episodes: 215478, Avg Reward: -8.43, Avg Length: 0.0, Steps/sec: 683.8, Policy Loss: 21.3696, Value Loss: 0.9632
2025-09-17 15:16:19,086 - src.training.trainer - INFO - Timesteps: 224256/1800000, Episodes: 216965, Avg Reward: -8.43, Avg Length: 0.0, Steps/sec: 676.6, Policy Loss: 16.4558, Value Loss: 0.9688
2025-09-17 15:16:21,874 - src.training.trainer - INFO - Timesteps: 225792/1800000, Episodes: 218451, Avg Reward: -8.44, Avg Length: 0.0, Steps/sec: 675.3, Policy Loss: 13.5991, Value Loss: 1.1309
2025-09-17 15:16:24,666 - src.training.trainer - INFO - Timesteps: 227328/1800000, Episodes: 219937, Avg Reward: -8.44, Avg Length: 0.0, Steps/sec: 671.2, Policy Loss: 19.3484, Value Loss: 1.1235
2025-09-17 15:16:27,465 - src.training.trainer - INFO - Timesteps: 228864/1800000, Episodes: 221423, Avg Reward: -8.44, Avg Length: 0.0, Steps/sec: 676.1, Policy Loss: 16.4261, Value Loss: 1.3817
2025-09-17 15:16:30,225 - src.training.trainer - INFO - Timesteps: 230400/1800000, Episodes: 222909, Avg Reward: -8.44, Avg Length: 0.0, Steps/sec: 671.8, Policy Loss: 15.0389, Value Loss: 1.2493
2025-09-17 15:16:32,942 - src.training.trainer - INFO - Timesteps: 231936/1800000, Episodes: 224395, Avg Reward: -8.43, Avg Length: 0.0, Steps/sec: 686.0, Policy Loss: 18.4947, Value Loss: 0.8028
2025-09-17 15:16:35,629 - src.training.trainer - INFO - Timesteps: 233472/1800000, Episodes: 225881, Avg Reward: -8.45, Avg Length: 0.0, Steps/sec: 691.4, Policy Loss: 11.6241, Value Loss: 0.6146
2025-09-17 15:16:38,375 - src.training.trainer - INFO - Timesteps: 235008/1800000, Episodes: 227367, Avg Reward: -8.44, Avg Length: 0.0, Steps/sec: 684.1, Policy Loss: 11.0852, Value Loss: 0.5609
2025-09-17 15:16:41,114 - src.training.trainer - INFO - Timesteps: 236544/1800000, Episodes: 228853, Avg Reward: -8.45, Avg Length: 0.0, Steps/sec: 681.6, Policy Loss: 15.7347, Value Loss: 0.5889
2025-09-17 15:16:43,870 - src.training.trainer - INFO - Timesteps: 238080/1800000, Episodes: 230339, Avg Reward: -8.45, Avg Length: 0.0, Steps/sec: 680.9, Policy Loss: 10.8182, Value Loss: 0.6286
2025-09-17 15:16:46,635 - src.training.trainer - INFO - Timesteps: 239616/1800000, Episodes: 231825, Avg Reward: -8.45, Avg Length: 0.0, Steps/sec: 675.4, Policy Loss: 13.6319, Value Loss: 0.6854
2025-09-17 15:16:49,345 - src.training.trainer - INFO - Timesteps: 241152/1800000, Episodes: 233311, Avg Reward: -8.45, Avg Length: 0.0, Steps/sec: 685.0, Policy Loss: 10.8460, Value Loss: 1.1322
2025-09-17 15:16:52,130 - src.training.trainer - INFO - Timesteps: 242688/1800000, Episodes: 234797, Avg Reward: -8.43, Avg Length: 0.0, Steps/sec: 670.8, Policy Loss: 9.6887, Value Loss: 1.4154
2025-09-17 15:16:54,876 - src.training.trainer - INFO - Timesteps: 244224/1800000, Episodes: 236283, Avg Reward: -8.44, Avg Length: 0.0, Steps/sec: 677.1, Policy Loss: 10.4854, Value Loss: 1.5626
2025-09-17 15:16:57,628 - src.training.trainer - INFO - Timesteps: 245760/1800000, Episodes: 237769, Avg Reward: -8.44, Avg Length: 0.0, Steps/sec: 679.9, Policy Loss: 8.5094, Value Loss: 1.0233
2025-09-17 15:17:00,378 - src.training.trainer - INFO - Timesteps: 247296/1800000, Episodes: 239255, Avg Reward: -8.44, Avg Length: 0.0, Steps/sec: 681.8, Policy Loss: 8.0264, Value Loss: 1.5246
2025-09-17 15:17:03,151 - src.training.trainer - INFO - Timesteps: 248832/1800000, Episodes: 240741, Avg Reward: -8.46, Avg Length: 0.0, Steps/sec: 674.9, Policy Loss: 10.1354, Value Loss: 1.2638
2025-09-17 15:17:05,951 - src.training.trainer - INFO - Timesteps: 250368/1800000, Episodes: 242227, Avg Reward: -8.44, Avg Length: 0.0, Steps/sec: 671.0, Policy Loss: 8.1973, Value Loss: 0.6277
2025-09-17 15:17:08,779 - src.training.trainer - INFO - Timesteps: 251904/1800000, Episodes: 243713, Avg Reward: -8.45, Avg Length: 0.0, Steps/sec: 661.8, Policy Loss: 10.7888, Value Loss: 0.5213
2025-09-17 15:17:11,550 - src.training.trainer - INFO - Timesteps: 253440/1800000, Episodes: 245200, Avg Reward: -8.43, Avg Length: 0.0, Steps/sec: 674.5, Policy Loss: 10.8992, Value Loss: 0.3981
2025-09-17 15:17:14,375 - src.training.trainer - INFO - Timesteps: 254976/1800000, Episodes: 246686, Avg Reward: -8.44, Avg Length: 0.0, Steps/sec: 662.0, Policy Loss: 11.3028, Value Loss: 0.4605
2025-09-17 15:17:17,214 - src.training.trainer - INFO - Timesteps: 256512/1800000, Episodes: 248173, Avg Reward: -8.44, Avg Length: 0.0, Steps/sec: 662.9, Policy Loss: 13.9695, Value Loss: 0.4365
2025-09-17 15:17:20,041 - src.training.trainer - INFO - Timesteps: 258048/1800000, Episodes: 249659, Avg Reward: -8.44, Avg Length: 0.0, Steps/sec: 661.1, Policy Loss: 15.0391, Value Loss: 0.5229
2025-09-17 15:17:22,891 - src.training.trainer - INFO - Timesteps: 259584/1800000, Episodes: 251145, Avg Reward: -8.43, Avg Length: 0.0, Steps/sec: 659.5, Policy Loss: 14.4005, Value Loss: 0.8874
2025-09-17 15:17:25,710 - src.training.trainer - INFO - Timesteps: 261120/1800000, Episodes: 252631, Avg Reward: -8.44, Avg Length: 0.0, Steps/sec: 671.7, Policy Loss: 18.1907, Value Loss: 1.4450
2025-09-17 15:17:28,589 - src.training.trainer - INFO - Timesteps: 262656/1800000, Episodes: 254117, Avg Reward: -8.45, Avg Length: 0.0, Steps/sec: 655.7, Policy Loss: 22.9378, Value Loss: 1.7032
2025-09-17 15:17:31,479 - src.training.trainer - INFO - Timesteps: 264192/1800000, Episodes: 255603, Avg Reward: -8.45, Avg Length: 0.0, Steps/sec: 655.4, Policy Loss: 14.1812, Value Loss: 1.3487
2025-09-17 15:17:34,276 - src.training.trainer - INFO - Timesteps: 265728/1800000, Episodes: 257089, Avg Reward: -8.44, Avg Length: 0.0, Steps/sec: 669.1, Policy Loss: 30.2881, Value Loss: 1.2276
2025-09-17 15:17:37,085 - src.training.trainer - INFO - Timesteps: 267264/1800000, Episodes: 258575, Avg Reward: -8.44, Avg Length: 0.0, Steps/sec: 670.4, Policy Loss: 31.0536, Value Loss: 0.9761
2025-09-17 15:17:39,875 - src.training.trainer - INFO - Timesteps: 268800/1800000, Episodes: 260061, Avg Reward: -8.46, Avg Length: 0.0, Steps/sec: 674.8, Policy Loss: 27.9833, Value Loss: 0.7496
2025-09-17 15:17:42,709 - src.training.trainer - INFO - Timesteps: 270336/1800000, Episodes: 261547, Avg Reward: -8.44, Avg Length: 0.0, Steps/sec: 662.9, Policy Loss: 21.0058, Value Loss: 0.7993
2025-09-17 15:17:45,577 - src.training.trainer - INFO - Timesteps: 271872/1800000, Episodes: 263033, Avg Reward: -8.45, Avg Length: 0.0, Steps/sec: 655.4, Policy Loss: 28.2105, Value Loss: 0.8536
2025-09-17 15:17:48,428 - src.training.trainer - INFO - Timesteps: 273408/1800000, Episodes: 264519, Avg Reward: -8.44, Avg Length: 0.0, Steps/sec: 657.1, Policy Loss: 21.1474, Value Loss: 0.8590
2025-09-17 15:17:51,294 - src.training.trainer - INFO - Timesteps: 274944/1800000, Episodes: 266005, Avg Reward: -8.43, Avg Length: 0.0, Steps/sec: 671.5, Policy Loss: 27.5746, Value Loss: 0.8204
2025-09-17 15:17:54,083 - src.training.trainer - INFO - Timesteps: 276480/1800000, Episodes: 267492, Avg Reward: -8.43, Avg Length: 0.0, Steps/sec: 668.2, Policy Loss: 22.2991, Value Loss: 0.9868
2025-09-17 15:17:56,858 - src.training.trainer - INFO - Timesteps: 278016/1800000, Episodes: 268978, Avg Reward: -8.45, Avg Length: 0.0, Steps/sec: 668.5, Policy Loss: 23.7843, Value Loss: 0.9156
2025-09-17 15:17:59,652 - src.training.trainer - INFO - Timesteps: 279552/1800000, Episodes: 270464, Avg Reward: -8.45, Avg Length: 0.0, Steps/sec: 679.8, Policy Loss: 22.2203, Value Loss: 0.8876
2025-09-17 15:18:02,378 - src.training.trainer - INFO - Timesteps: 281088/1800000, Episodes: 271950, Avg Reward: -8.44, Avg Length: 0.0, Steps/sec: 680.3, Policy Loss: 20.3260, Value Loss: 1.0628
2025-09-17 15:18:05,132 - src.training.trainer - INFO - Timesteps: 282624/1800000, Episodes: 273437, Avg Reward: -8.43, Avg Length: 0.0, Steps/sec: 683.0, Policy Loss: 15.9658, Value Loss: 0.8357
2025-09-17 15:18:07,839 - src.training.trainer - INFO - Timesteps: 284160/1800000, Episodes: 274923, Avg Reward: -8.44, Avg Length: 0.0, Steps/sec: 685.6, Policy Loss: 13.2687, Value Loss: 0.9062
2025-09-17 15:18:10,561 - src.training.trainer - INFO - Timesteps: 285696/1800000, Episodes: 276409, Avg Reward: -8.44, Avg Length: 0.0, Steps/sec: 688.8, Policy Loss: 15.3264, Value Loss: 0.7061
2025-09-17 15:18:13,285 - src.training.trainer - INFO - Timesteps: 287232/1800000, Episodes: 277896, Avg Reward: -8.44, Avg Length: 0.0, Steps/sec: 688.0, Policy Loss: 11.2276, Value Loss: 0.6685
2025-09-17 15:18:16,013 - src.training.trainer - INFO - Timesteps: 288768/1800000, Episodes: 279382, Avg Reward: -8.44, Avg Length: 0.0, Steps/sec: 684.1, Policy Loss: 12.5592, Value Loss: 0.5416
2025-09-17 15:18:18,748 - src.training.trainer - INFO - Timesteps: 290304/1800000, Episodes: 280868, Avg Reward: -8.44, Avg Length: 0.0, Steps/sec: 686.2, Policy Loss: 10.3575, Value Loss: 0.4053
2025-09-17 15:18:21,500 - src.training.trainer - INFO - Timesteps: 291840/1800000, Episodes: 282354, Avg Reward: -8.43, Avg Length: 0.0, Steps/sec: 681.2, Policy Loss: 10.7832, Value Loss: 0.4013
2025-09-17 15:18:24,224 - src.training.trainer - INFO - Timesteps: 293376/1800000, Episodes: 283841, Avg Reward: -8.44, Avg Length: 0.0, Steps/sec: 685.0, Policy Loss: 14.3406, Value Loss: 0.4482
2025-09-17 15:18:26,956 - src.training.trainer - INFO - Timesteps: 294912/1800000, Episodes: 285327, Avg Reward: -8.45, Avg Length: 0.0, Steps/sec: 684.8, Policy Loss: 8.7222, Value Loss: 0.7000
2025-09-17 15:18:29,694 - src.training.trainer - INFO - Timesteps: 296448/1800000, Episodes: 286813, Avg Reward: -8.45, Avg Length: 0.0, Steps/sec: 687.2, Policy Loss: 9.1528, Value Loss: 1.0512
2025-09-17 15:18:32,410 - src.training.trainer - INFO - Timesteps: 297984/1800000, Episodes: 288299, Avg Reward: -8.44, Avg Length: 0.0, Steps/sec: 689.3, Policy Loss: 7.5079, Value Loss: 1.6689
2025-09-17 15:18:35,135 - src.training.trainer - INFO - Timesteps: 299520/1800000, Episodes: 289785, Avg Reward: -8.44, Avg Length: 0.0, Steps/sec: 685.2, Policy Loss: 7.3341, Value Loss: 1.7789
2025-09-17 15:18:37,867 - src.training.trainer - INFO - Timesteps: 301056/1800000, Episodes: 291271, Avg Reward: -8.45, Avg Length: 0.0, Steps/sec: 683.7, Policy Loss: 6.5983, Value Loss: 1.2593
2025-09-17 15:18:40,647 - src.training.trainer - INFO - Timesteps: 302592/1800000, Episodes: 292758, Avg Reward: -8.44, Avg Length: 0.0, Steps/sec: 671.2, Policy Loss: 8.1864, Value Loss: 1.5867
2025-09-17 15:18:43,384 - src.training.trainer - INFO - Timesteps: 304128/1800000, Episodes: 294244, Avg Reward: -8.43, Avg Length: 0.0, Steps/sec: 683.4, Policy Loss: 6.9133, Value Loss: 1.1498
2025-09-17 15:18:46,118 - src.training.trainer - INFO - Timesteps: 305664/1800000, Episodes: 295730, Avg Reward: -8.45, Avg Length: 0.0, Steps/sec: 684.5, Policy Loss: 6.8680, Value Loss: 0.7710
2025-09-17 15:18:48,858 - src.training.trainer - INFO - Timesteps: 307200/1800000, Episodes: 297216, Avg Reward: -8.44, Avg Length: 0.0, Steps/sec: 680.8, Policy Loss: 8.4797, Value Loss: 0.6562
2025-09-17 15:18:51,656 - src.training.trainer - INFO - Timesteps: 308736/1800000, Episodes: 298702, Avg Reward: -8.43, Avg Length: 0.0, Steps/sec: 670.1, Policy Loss: 7.7130, Value Loss: 0.8032
2025-09-17 15:18:54,379 - src.training.trainer - INFO - Timesteps: 310272/1800000, Episodes: 300188, Avg Reward: -8.43, Avg Length: 0.0, Steps/sec: 683.7, Policy Loss: 6.9063, Value Loss: 1.2254
2025-09-17 15:18:57,128 - src.training.trainer - INFO - Timesteps: 311808/1800000, Episodes: 301674, Avg Reward: -8.44, Avg Length: 0.0, Steps/sec: 673.3, Policy Loss: 9.1586, Value Loss: 1.6001
2025-09-17 15:18:59,872 - src.training.trainer - INFO - Timesteps: 313344/1800000, Episodes: 303160, Avg Reward: -8.43, Avg Length: 0.0, Steps/sec: 679.5, Policy Loss: 11.0402, Value Loss: 1.5677
2025-09-17 15:19:02,597 - src.training.trainer - INFO - Timesteps: 314880/1800000, Episodes: 304646, Avg Reward: -8.45, Avg Length: 0.0, Steps/sec: 677.9, Policy Loss: 10.6090, Value Loss: 1.1144
2025-09-17 15:19:05,337 - src.training.trainer - INFO - Timesteps: 316416/1800000, Episodes: 306132, Avg Reward: -8.44, Avg Length: 0.0, Steps/sec: 681.4, Policy Loss: 10.8516, Value Loss: 0.8930
2025-09-17 15:19:08,079 - src.training.trainer - INFO - Timesteps: 317952/1800000, Episodes: 307618, Avg Reward: -8.44, Avg Length: 0.0, Steps/sec: 683.4, Policy Loss: 302.6808, Value Loss: 0.8462
2025-09-17 15:19:10,792 - src.training.trainer - INFO - Timesteps: 319488/1800000, Episodes: 309104, Avg Reward: -8.45, Avg Length: 0.0, Steps/sec: 682.6, Policy Loss: 424.1674, Value Loss: 1.1480
2025-09-17 15:19:13,533 - src.training.trainer - INFO - Timesteps: 321024/1800000, Episodes: 310590, Avg Reward: -8.45, Avg Length: 0.0, Steps/sec: 678.9, Policy Loss: 277.4037, Value Loss: 1.4822
2025-09-17 15:19:16,280 - src.training.trainer - INFO - Timesteps: 322560/1800000, Episodes: 312076, Avg Reward: -8.45, Avg Length: 0.0, Steps/sec: 680.4, Policy Loss: 146.0062, Value Loss: 1.2808
2025-09-17 15:19:19,037 - src.training.trainer - INFO - Timesteps: 324096/1800000, Episodes: 313562, Avg Reward: -8.43, Avg Length: 0.0, Steps/sec: 675.5, Policy Loss: 322.7523, Value Loss: 1.5627
2025-09-17 15:19:21,809 - src.training.trainer - INFO - Timesteps: 325632/1800000, Episodes: 315048, Avg Reward: -8.44, Avg Length: 0.0, Steps/sec: 672.3, Policy Loss: 131.2008, Value Loss: 1.0964
2025-09-17 15:19:24,546 - src.training.trainer - INFO - Timesteps: 327168/1800000, Episodes: 316534, Avg Reward: -8.44, Avg Length: 0.0, Steps/sec: 680.7, Policy Loss: 370.6667, Value Loss: 0.6178
2025-09-17 15:19:27,298 - src.training.trainer - INFO - Timesteps: 328704/1800000, Episodes: 318021, Avg Reward: -8.43, Avg Length: 0.0, Steps/sec: 679.1, Policy Loss: 289.7710, Value Loss: 0.5152
2025-09-17 15:19:30,043 - src.training.trainer - INFO - Timesteps: 330240/1800000, Episodes: 319507, Avg Reward: -8.44, Avg Length: 0.0, Steps/sec: 680.4, Policy Loss: 359.8566, Value Loss: 0.6216
2025-09-17 15:19:32,790 - src.training.trainer - INFO - Timesteps: 331776/1800000, Episodes: 320993, Avg Reward: -8.45, Avg Length: 0.0, Steps/sec: 679.2, Policy Loss: 796.3163, Value Loss: 0.6651
2025-09-17 15:19:35,539 - src.training.trainer - INFO - Timesteps: 333312/1800000, Episodes: 322479, Avg Reward: -8.44, Avg Length: 0.0, Steps/sec: 680.3, Policy Loss: 982.7508, Value Loss: 0.6089
2025-09-17 15:19:38,280 - src.training.trainer - INFO - Timesteps: 334848/1800000, Episodes: 323966, Avg Reward: -8.43, Avg Length: 0.0, Steps/sec: 678.4, Policy Loss: 548.4119, Value Loss: 1.2099
2025-09-17 15:19:41,005 - src.training.trainer - INFO - Timesteps: 336384/1800000, Episodes: 325452, Avg Reward: -8.43, Avg Length: 0.0, Steps/sec: 682.2, Policy Loss: 465.4918, Value Loss: 1.4422
2025-09-17 15:19:43,740 - src.training.trainer - INFO - Timesteps: 337920/1800000, Episodes: 326938, Avg Reward: -8.43, Avg Length: 0.0, Steps/sec: 681.7, Policy Loss: 497.4602, Value Loss: 1.2603
2025-09-17 15:19:46,497 - src.training.trainer - INFO - Timesteps: 339456/1800000, Episodes: 328424, Avg Reward: -8.43, Avg Length: 0.0, Steps/sec: 680.1, Policy Loss: 318.2998, Value Loss: 0.8224
2025-09-17 15:19:49,286 - src.training.trainer - INFO - Timesteps: 340992/1800000, Episodes: 329911, Avg Reward: -8.43, Avg Length: 0.0, Steps/sec: 674.1, Policy Loss: 186.7297, Value Loss: 1.0813
2025-09-17 15:19:52,100 - src.training.trainer - INFO - Timesteps: 342528/1800000, Episodes: 331397, Avg Reward: -8.44, Avg Length: 0.0, Steps/sec: 656.6, Policy Loss: 509.7253, Value Loss: 0.8673
2025-09-17 15:19:54,901 - src.training.trainer - INFO - Timesteps: 344064/1800000, Episodes: 332883, Avg Reward: -8.43, Avg Length: 0.0, Steps/sec: 664.1, Policy Loss: 399.0280, Value Loss: 0.6671
2025-09-17 15:19:57,687 - src.training.trainer - INFO - Timesteps: 345600/1800000, Episodes: 334369, Avg Reward: -8.44, Avg Length: 0.0, Steps/sec: 669.3, Policy Loss: 194.0715, Value Loss: 0.6096
2025-09-17 15:20:00,500 - src.training.trainer - INFO - Timesteps: 347136/1800000, Episodes: 335855, Avg Reward: -8.45, Avg Length: 0.0, Steps/sec: 661.8, Policy Loss: 325.6944, Value Loss: 0.4758
2025-09-17 15:20:03,310 - src.training.trainer - INFO - Timesteps: 348672/1800000, Episodes: 337341, Avg Reward: -8.44, Avg Length: 0.0, Steps/sec: 667.5, Policy Loss: 18.5270, Value Loss: 0.5307
2025-09-17 15:20:06,108 - src.training.trainer - INFO - Timesteps: 350208/1800000, Episodes: 338828, Avg Reward: -8.45, Avg Length: 0.0, Steps/sec: 665.2, Policy Loss: 12.5066, Value Loss: 0.6334
2025-09-17 15:20:08,881 - src.training.trainer - INFO - Timesteps: 351744/1800000, Episodes: 340314, Avg Reward: -8.43, Avg Length: 0.0, Steps/sec: 674.2, Policy Loss: 12.4221, Value Loss: 1.0587
2025-09-17 15:20:11,667 - src.training.trainer - INFO - Timesteps: 353280/1800000, Episodes: 341800, Avg Reward: -8.45, Avg Length: 0.0, Steps/sec: 670.1, Policy Loss: 10.2975, Value Loss: 1.6324
2025-09-17 15:20:14,435 - src.training.trainer - INFO - Timesteps: 354816/1800000, Episodes: 343286, Avg Reward: -8.44, Avg Length: 0.0, Steps/sec: 670.8, Policy Loss: 13.1109, Value Loss: 1.9367
2025-09-17 15:20:17,188 - src.training.trainer - INFO - Timesteps: 356352/1800000, Episodes: 344772, Avg Reward: -8.43, Avg Length: 0.0, Steps/sec: 678.0, Policy Loss: 14.3693, Value Loss: 1.8517
2025-09-17 15:20:19,982 - src.training.trainer - INFO - Timesteps: 357888/1800000, Episodes: 346258, Avg Reward: -8.45, Avg Length: 0.0, Steps/sec: 660.3, Policy Loss: 16.9032, Value Loss: 1.5221
2025-09-17 15:20:22,778 - src.training.trainer - INFO - Timesteps: 359424/1800000, Episodes: 347744, Avg Reward: -8.44, Avg Length: 0.0, Steps/sec: 670.2, Policy Loss: 13.6843, Value Loss: 1.3302
2025-09-17 15:20:25,568 - src.training.trainer - INFO - Timesteps: 360960/1800000, Episodes: 349230, Avg Reward: -8.45, Avg Length: 0.0, Steps/sec: 669.9, Policy Loss: 12.6073, Value Loss: 0.7112
2025-09-17 15:20:28,330 - src.training.trainer - INFO - Timesteps: 362496/1800000, Episodes: 350716, Avg Reward: -8.43, Avg Length: 0.0, Steps/sec: 671.8, Policy Loss: 12.0621, Value Loss: 0.7623
2025-09-17 15:20:31,097 - src.training.trainer - INFO - Timesteps: 364032/1800000, Episodes: 352203, Avg Reward: -8.43, Avg Length: 0.0, Steps/sec: 666.9, Policy Loss: 15.4652, Value Loss: 0.7270
2025-09-17 15:20:33,833 - src.training.trainer - INFO - Timesteps: 365568/1800000, Episodes: 353689, Avg Reward: -8.45, Avg Length: 0.0, Steps/sec: 675.5, Policy Loss: 23.0024, Value Loss: 0.7020
2025-09-17 15:20:36,566 - src.training.trainer - INFO - Timesteps: 367104/1800000, Episodes: 355175, Avg Reward: -8.45, Avg Length: 0.0, Steps/sec: 675.2, Policy Loss: 17.4085, Value Loss: 0.9206
2025-09-17 15:20:39,317 - src.training.trainer - INFO - Timesteps: 368640/1800000, Episodes: 356661, Avg Reward: -8.44, Avg Length: 0.0, Steps/sec: 675.2, Policy Loss: 20.7936, Value Loss: 1.0133
2025-09-17 15:20:42,086 - src.training.trainer - INFO - Timesteps: 370176/1800000, Episodes: 358148, Avg Reward: -8.43, Avg Length: 0.0, Steps/sec: 674.8, Policy Loss: 18.2704, Value Loss: 1.1868
2025-09-17 15:20:44,853 - src.training.trainer - INFO - Timesteps: 371712/1800000, Episodes: 359635, Avg Reward: -8.43, Avg Length: 0.0, Steps/sec: 675.9, Policy Loss: 21.8566, Value Loss: 1.8933
2025-09-17 15:20:47,612 - src.training.trainer - INFO - Timesteps: 373248/1800000, Episodes: 361121, Avg Reward: -8.44, Avg Length: 0.0, Steps/sec: 679.2, Policy Loss: 14.9571, Value Loss: 1.5471
2025-09-17 15:20:50,376 - src.training.trainer - INFO - Timesteps: 374784/1800000, Episodes: 362607, Avg Reward: -8.45, Avg Length: 0.0, Steps/sec: 673.9, Policy Loss: 28.3969, Value Loss: 2.0216
2025-09-17 15:20:53,146 - src.training.trainer - INFO - Timesteps: 376320/1800000, Episodes: 364093, Avg Reward: -8.45, Avg Length: 0.0, Steps/sec: 668.7, Policy Loss: 18.8870, Value Loss: 1.8595
2025-09-17 15:20:55,925 - src.training.trainer - INFO - Timesteps: 377856/1800000, Episodes: 365580, Avg Reward: -8.44, Avg Length: 0.0, Steps/sec: 670.4, Policy Loss: 19.1347, Value Loss: 1.4628
2025-09-17 15:20:58,681 - src.training.trainer - INFO - Timesteps: 379392/1800000, Episodes: 367066, Avg Reward: -8.44, Avg Length: 0.0, Steps/sec: 673.9, Policy Loss: 22.1107, Value Loss: 0.9803
2025-09-17 15:21:01,444 - src.training.trainer - INFO - Timesteps: 380928/1800000, Episodes: 368552, Avg Reward: -8.45, Avg Length: 0.0, Steps/sec: 676.5, Policy Loss: 21.8249, Value Loss: 0.8774
2025-09-17 15:21:04,203 - src.training.trainer - INFO - Timesteps: 382464/1800000, Episodes: 370038, Avg Reward: -8.45, Avg Length: 0.0, Steps/sec: 677.1, Policy Loss: 18.3266, Value Loss: 1.1660
2025-09-17 15:21:06,994 - src.training.trainer - INFO - Timesteps: 384000/1800000, Episodes: 371524, Avg Reward: -8.45, Avg Length: 0.0, Steps/sec: 671.6, Policy Loss: 16.8341, Value Loss: 1.3405
2025-09-17 15:21:09,768 - src.training.trainer - INFO - Timesteps: 385536/1800000, Episodes: 373010, Avg Reward: -8.45, Avg Length: 0.0, Steps/sec: 672.4, Policy Loss: 27.2374, Value Loss: 0.9369
2025-09-17 15:21:12,575 - src.training.trainer - INFO - Timesteps: 387072/1800000, Episodes: 374496, Avg Reward: -8.44, Avg Length: 0.0, Steps/sec: 663.9, Policy Loss: 29.5138, Value Loss: 0.7819
2025-09-17 15:21:15,350 - src.training.trainer - INFO - Timesteps: 388608/1800000, Episodes: 375982, Avg Reward: -8.43, Avg Length: 0.0, Steps/sec: 673.7, Policy Loss: 21.8826, Value Loss: 1.0627
2025-09-17 15:21:18,107 - src.training.trainer - INFO - Timesteps: 390144/1800000, Episodes: 377468, Avg Reward: -8.44, Avg Length: 0.0, Steps/sec: 675.4, Policy Loss: 28.2835, Value Loss: 1.2382
2025-09-17 15:21:20,871 - src.training.trainer - INFO - Timesteps: 391680/1800000, Episodes: 378954, Avg Reward: -8.44, Avg Length: 0.0, Steps/sec: 676.1, Policy Loss: 18.5844, Value Loss: 1.7300
2025-09-17 15:21:23,660 - src.training.trainer - INFO - Timesteps: 393216/1800000, Episodes: 380440, Avg Reward: -8.44, Avg Length: 0.0, Steps/sec: 670.9, Policy Loss: 26.1263, Value Loss: 1.2418
2025-09-17 15:21:26,408 - src.training.trainer - INFO - Timesteps: 394752/1800000, Episodes: 381926, Avg Reward: -8.45, Avg Length: 0.0, Steps/sec: 678.8, Policy Loss: 24.4065, Value Loss: 1.4711
2025-09-17 15:21:29,152 - src.training.trainer - INFO - Timesteps: 396288/1800000, Episodes: 383412, Avg Reward: -8.43, Avg Length: 0.0, Steps/sec: 681.3, Policy Loss: 17.4006, Value Loss: 1.1233
2025-09-17 15:21:31,931 - src.training.trainer - INFO - Timesteps: 397824/1800000, Episodes: 384898, Avg Reward: -8.45, Avg Length: 0.0, Steps/sec: 669.8, Policy Loss: 25.7692, Value Loss: 0.5919
2025-09-17 15:21:34,693 - src.training.trainer - INFO - Timesteps: 399360/1800000, Episodes: 386384, Avg Reward: -8.44, Avg Length: 0.0, Steps/sec: 675.9, Policy Loss: 37.0812, Value Loss: 0.6010
2025-09-17 15:21:37,456 - src.training.trainer - INFO - Timesteps: 400896/1800000, Episodes: 387870, Avg Reward: -8.45, Avg Length: 0.0, Steps/sec: 674.0, Policy Loss: 41.3174, Value Loss: 0.6281
2025-09-17 15:21:40,253 - src.training.trainer - INFO - Timesteps: 402432/1800000, Episodes: 389356, Avg Reward: -8.43, Avg Length: 0.0, Steps/sec: 669.4, Policy Loss: 20.6803, Value Loss: 0.7138
2025-09-17 15:21:43,020 - src.training.trainer - INFO - Timesteps: 403968/1800000, Episodes: 390842, Avg Reward: -8.43, Avg Length: 0.0, Steps/sec: 676.6, Policy Loss: 17.0156, Value Loss: 0.9515
2025-09-17 15:21:45,815 - src.training.trainer - INFO - Timesteps: 405504/1800000, Episodes: 392328, Avg Reward: -8.44, Avg Length: 0.0, Steps/sec: 668.1, Policy Loss: 19.7192, Value Loss: 1.4564
2025-09-17 15:21:48,578 - src.training.trainer - INFO - Timesteps: 407040/1800000, Episodes: 393814, Avg Reward: -8.44, Avg Length: 0.0, Steps/sec: 675.2, Policy Loss: 21.6950, Value Loss: 1.7864
2025-09-17 15:21:51,449 - src.training.trainer - INFO - Timesteps: 408576/1800000, Episodes: 395300, Avg Reward: -8.44, Avg Length: 0.0, Steps/sec: 662.5, Policy Loss: 22.4338, Value Loss: 1.7537
2025-09-17 15:21:54,273 - src.training.trainer - INFO - Timesteps: 410112/1800000, Episodes: 396787, Avg Reward: -8.43, Avg Length: 0.0, Steps/sec: 659.1, Policy Loss: 13.1321, Value Loss: 1.8919
2025-09-17 15:21:57,082 - src.training.trainer - INFO - Timesteps: 411648/1800000, Episodes: 398274, Avg Reward: -8.44, Avg Length: 0.0, Steps/sec: 662.0, Policy Loss: 14.3718, Value Loss: 2.2790
2025-09-17 15:21:59,888 - src.training.trainer - INFO - Timesteps: 413184/1800000, Episodes: 399760, Avg Reward: -8.45, Avg Length: 0.0, Steps/sec: 665.0, Policy Loss: 20.5081, Value Loss: 1.9959
2025-09-17 15:22:02,787 - src.training.trainer - INFO - Timesteps: 414720/1800000, Episodes: 401247, Avg Reward: -8.43, Avg Length: 0.0, Steps/sec: 651.7, Policy Loss: 22.1867, Value Loss: 1.6884
2025-09-17 15:22:05,585 - src.training.trainer - INFO - Timesteps: 416256/1800000, Episodes: 402733, Avg Reward: -8.45, Avg Length: 0.0, Steps/sec: 670.0, Policy Loss: 17.3663, Value Loss: 1.1964
2025-09-17 15:22:08,412 - src.training.trainer - INFO - Timesteps: 417792/1800000, Episodes: 404219, Avg Reward: -8.44, Avg Length: 0.0, Steps/sec: 666.3, Policy Loss: 17.3209, Value Loss: 0.9726
2025-09-17 15:22:11,212 - src.training.trainer - INFO - Timesteps: 419328/1800000, Episodes: 405705, Avg Reward: -8.43, Avg Length: 0.0, Steps/sec: 673.4, Policy Loss: 15.7340, Value Loss: 0.8342
2025-09-17 15:22:14,033 - src.training.trainer - INFO - Timesteps: 420864/1800000, Episodes: 407191, Avg Reward: -8.45, Avg Length: 0.0, Steps/sec: 661.8, Policy Loss: 11.3042, Value Loss: 0.8114
2025-09-17 15:22:16,871 - src.training.trainer - INFO - Timesteps: 422400/1800000, Episodes: 408677, Avg Reward: -8.44, Avg Length: 0.0, Steps/sec: 664.6, Policy Loss: 18.4039, Value Loss: 1.2748
2025-09-17 15:22:19,710 - src.training.trainer - INFO - Timesteps: 423936/1800000, Episodes: 410163, Avg Reward: -8.43, Avg Length: 0.0, Steps/sec: 663.0, Policy Loss: 18.6478, Value Loss: 2.4281
2025-09-17 15:22:22,535 - src.training.trainer - INFO - Timesteps: 425472/1800000, Episodes: 411649, Avg Reward: -8.43, Avg Length: 0.0, Steps/sec: 664.9, Policy Loss: 17.2005, Value Loss: 2.5188
2025-09-17 15:22:25,427 - src.training.trainer - INFO - Timesteps: 427008/1800000, Episodes: 413135, Avg Reward: -8.44, Avg Length: 0.0, Steps/sec: 652.6, Policy Loss: 13.8266, Value Loss: 2.9417
2025-09-17 15:22:28,250 - src.training.trainer - INFO - Timesteps: 428544/1800000, Episodes: 414621, Avg Reward: -8.44, Avg Length: 0.0, Steps/sec: 665.6, Policy Loss: 14.6135, Value Loss: 2.4858
2025-09-17 15:22:31,093 - src.training.trainer - INFO - Timesteps: 430080/1800000, Episodes: 416107, Avg Reward: -8.43, Avg Length: 0.0, Steps/sec: 657.3, Policy Loss: 16.9256, Value Loss: 2.3474
2025-09-17 15:22:33,962 - src.training.trainer - INFO - Timesteps: 431616/1800000, Episodes: 417593, Avg Reward: -8.45, Avg Length: 0.0, Steps/sec: 653.6, Policy Loss: 14.1635, Value Loss: 2.0319
2025-09-17 15:22:36,739 - src.training.trainer - INFO - Timesteps: 433152/1800000, Episodes: 419079, Avg Reward: -8.44, Avg Length: 0.0, Steps/sec: 677.1, Policy Loss: 20.1562, Value Loss: 1.4442
2025-09-17 15:22:39,543 - src.training.trainer - INFO - Timesteps: 434688/1800000, Episodes: 420565, Avg Reward: -8.45, Avg Length: 0.0, Steps/sec: 673.3, Policy Loss: 17.6397, Value Loss: 1.1518
2025-09-17 15:22:42,374 - src.training.trainer - INFO - Timesteps: 436224/1800000, Episodes: 422051, Avg Reward: -8.44, Avg Length: 0.0, Steps/sec: 665.1, Policy Loss: 23.2254, Value Loss: 0.6850
2025-09-17 15:22:45,171 - src.training.trainer - INFO - Timesteps: 437760/1800000, Episodes: 423537, Avg Reward: -8.45, Avg Length: 0.0, Steps/sec: 668.1, Policy Loss: 22.2459, Value Loss: 0.2895
2025-09-17 15:22:47,993 - src.training.trainer - INFO - Timesteps: 439296/1800000, Episodes: 425023, Avg Reward: -8.45, Avg Length: 0.0, Steps/sec: 666.7, Policy Loss: 19.2608, Value Loss: 0.4072
2025-09-17 15:22:50,827 - src.training.trainer - INFO - Timesteps: 440832/1800000, Episodes: 426509, Avg Reward: -8.44, Avg Length: 0.0, Steps/sec: 657.8, Policy Loss: 17.1833, Value Loss: 0.7865
2025-09-17 15:22:53,635 - src.training.trainer - INFO - Timesteps: 442368/1800000, Episodes: 427995, Avg Reward: -8.45, Avg Length: 0.0, Steps/sec: 667.4, Policy Loss: 12.7778, Value Loss: 0.8261
2025-09-17 15:22:56,446 - src.training.trainer - INFO - Timesteps: 443904/1800000, Episodes: 429481, Avg Reward: -8.43, Avg Length: 0.0, Steps/sec: 670.0, Policy Loss: 17.7061, Value Loss: 1.5550
2025-09-17 15:22:59,279 - src.training.trainer - INFO - Timesteps: 445440/1800000, Episodes: 430967, Avg Reward: -8.45, Avg Length: 0.0, Steps/sec: 664.2, Policy Loss: 14.7124, Value Loss: 1.7253
2025-09-17 15:23:02,105 - src.training.trainer - INFO - Timesteps: 446976/1800000, Episodes: 432453, Avg Reward: -8.43, Avg Length: 0.0, Steps/sec: 665.5, Policy Loss: 17.8560, Value Loss: 1.5496
2025-09-17 15:23:04,927 - src.training.trainer - INFO - Timesteps: 448512/1800000, Episodes: 433939, Avg Reward: -8.44, Avg Length: 0.0, Steps/sec: 668.6, Policy Loss: 13.3234, Value Loss: 1.9030
2025-09-17 15:23:07,750 - src.training.trainer - INFO - Timesteps: 450048/1800000, Episodes: 435425, Avg Reward: -8.44, Avg Length: 0.0, Steps/sec: 665.8, Policy Loss: 17.8536, Value Loss: 1.2433
2025-09-17 15:23:10,537 - src.training.trainer - INFO - Timesteps: 451584/1800000, Episodes: 436911, Avg Reward: -8.44, Avg Length: 0.0, Steps/sec: 670.6, Policy Loss: 10.6886, Value Loss: 1.0879
2025-09-17 15:23:13,408 - src.training.trainer - INFO - Timesteps: 453120/1800000, Episodes: 438397, Avg Reward: -8.45, Avg Length: 0.0, Steps/sec: 656.5, Policy Loss: 53.8119, Value Loss: 0.9498
2025-09-17 15:23:16,257 - src.training.trainer - INFO - Timesteps: 454656/1800000, Episodes: 439883, Avg Reward: -8.44, Avg Length: 0.0, Steps/sec: 656.6, Policy Loss: 36.1936, Value Loss: 0.6591
2025-09-17 15:23:19,082 - src.training.trainer - INFO - Timesteps: 456192/1800000, Episodes: 441369, Avg Reward: -8.44, Avg Length: 0.0, Steps/sec: 672.0, Policy Loss: 43.5323, Value Loss: 0.6012
2025-09-17 15:23:21,949 - src.training.trainer - INFO - Timesteps: 457728/1800000, Episodes: 442855, Avg Reward: -8.45, Avg Length: 0.0, Steps/sec: 655.6, Policy Loss: 31.1508, Value Loss: 0.4059
2025-09-17 15:23:24,804 - src.training.trainer - INFO - Timesteps: 459264/1800000, Episodes: 444341, Avg Reward: -8.45, Avg Length: 0.0, Steps/sec: 655.0, Policy Loss: 34.5188, Value Loss: 0.4176
2025-09-17 15:23:27,697 - src.training.trainer - INFO - Timesteps: 460800/1800000, Episodes: 445827, Avg Reward: -8.45, Avg Length: 0.0, Steps/sec: 646.4, Policy Loss: 30.9077, Value Loss: 0.5749
2025-09-17 15:23:30,540 - src.training.trainer - INFO - Timesteps: 462336/1800000, Episodes: 447313, Avg Reward: -8.44, Avg Length: 0.0, Steps/sec: 664.2, Policy Loss: 34.1120, Value Loss: 1.9556
2025-09-17 15:23:33,371 - src.training.trainer - INFO - Timesteps: 463872/1800000, Episodes: 448799, Avg Reward: -8.43, Avg Length: 0.0, Steps/sec: 663.3, Policy Loss: 26.5968, Value Loss: 2.4904
2025-09-17 15:23:36,246 - src.training.trainer - INFO - Timesteps: 465408/1800000, Episodes: 450285, Avg Reward: -8.44, Avg Length: 0.0, Steps/sec: 651.3, Policy Loss: 45.6852, Value Loss: 2.0764
2025-09-17 15:23:39,087 - src.training.trainer - INFO - Timesteps: 466944/1800000, Episodes: 451771, Avg Reward: -8.43, Avg Length: 0.0, Steps/sec: 663.2, Policy Loss: 50.7944, Value Loss: 1.5807
2025-09-17 15:23:41,940 - src.training.trainer - INFO - Timesteps: 468480/1800000, Episodes: 453257, Avg Reward: -8.45, Avg Length: 0.0, Steps/sec: 656.3, Policy Loss: 29.6551, Value Loss: 1.9904
2025-09-17 15:23:44,824 - src.training.trainer - INFO - Timesteps: 470016/1800000, Episodes: 454744, Avg Reward: -8.44, Avg Length: 0.0, Steps/sec: 652.2, Policy Loss: 32.0355, Value Loss: 1.9304
2025-09-17 15:23:47,634 - src.training.trainer - INFO - Timesteps: 471552/1800000, Episodes: 456230, Avg Reward: -8.44, Avg Length: 0.0, Steps/sec: 662.6, Policy Loss: 17.6963, Value Loss: 0.9828
2025-09-17 15:23:50,461 - src.training.trainer - INFO - Timesteps: 473088/1800000, Episodes: 457716, Avg Reward: -8.44, Avg Length: 0.0, Steps/sec: 669.5, Policy Loss: 24.9066, Value Loss: 1.1143
2025-09-17 15:23:53,354 - src.training.trainer - INFO - Timesteps: 474624/1800000, Episodes: 459202, Avg Reward: -8.45, Avg Length: 0.0, Steps/sec: 646.6, Policy Loss: 11.5968, Value Loss: 0.9740
2025-09-17 15:23:56,191 - src.training.trainer - INFO - Timesteps: 476160/1800000, Episodes: 460688, Avg Reward: -8.44, Avg Length: 0.0, Steps/sec: 660.8, Policy Loss: 12.4891, Value Loss: 0.9272
2025-09-17 15:23:58,970 - src.training.trainer - INFO - Timesteps: 477696/1800000, Episodes: 462175, Avg Reward: -8.44, Avg Length: 0.0, Steps/sec: 668.1, Policy Loss: 11.8032, Value Loss: 1.0180
2025-09-17 15:24:01,802 - src.training.trainer - INFO - Timesteps: 479232/1800000, Episodes: 463661, Avg Reward: -8.45, Avg Length: 0.0, Steps/sec: 661.7, Policy Loss: 10.1619, Value Loss: 1.1500
2025-09-17 15:24:04,636 - src.training.trainer - INFO - Timesteps: 480768/1800000, Episodes: 465147, Avg Reward: -8.45, Avg Length: 0.0, Steps/sec: 658.3, Policy Loss: 9.9878, Value Loss: 1.7056
2025-09-17 15:24:07,499 - src.training.trainer - INFO - Timesteps: 482304/1800000, Episodes: 466633, Avg Reward: -8.44, Avg Length: 0.0, Steps/sec: 657.5, Policy Loss: 11.1733, Value Loss: 2.8382
2025-09-17 15:24:10,375 - src.training.trainer - INFO - Timesteps: 483840/1800000, Episodes: 468120, Avg Reward: -8.44, Avg Length: 0.0, Steps/sec: 651.2, Policy Loss: 12.5149, Value Loss: 2.3915
2025-09-17 15:24:13,173 - src.training.trainer - INFO - Timesteps: 485376/1800000, Episodes: 469606, Avg Reward: -8.43, Avg Length: 0.0, Steps/sec: 671.0, Policy Loss: 10.5116, Value Loss: 2.3428
2025-09-17 15:24:15,988 - src.training.trainer - INFO - Timesteps: 486912/1800000, Episodes: 471092, Avg Reward: -8.44, Avg Length: 0.0, Steps/sec: 668.5, Policy Loss: 11.2653, Value Loss: 1.8822
2025-09-17 15:24:18,594 - src.training.trainer - INFO - Timesteps: 488448/1800000, Episodes: 472578, Avg Reward: -8.44, Avg Length: 0.0, Steps/sec: 729.6, Policy Loss: 16.1209, Value Loss: 1.4440
2025-09-17 15:24:21,228 - src.training.trainer - INFO - Timesteps: 489984/1800000, Episodes: 474064, Avg Reward: -8.44, Avg Length: 0.0, Steps/sec: 725.2, Policy Loss: 16.1202, Value Loss: 1.0372
2025-09-17 15:24:23,880 - src.training.trainer - INFO - Timesteps: 491520/1800000, Episodes: 475550, Avg Reward: -8.44, Avg Length: 0.0, Steps/sec: 716.7, Policy Loss: 14.9598, Value Loss: 1.0625
2025-09-17 15:24:26,524 - src.training.trainer - INFO - Timesteps: 493056/1800000, Episodes: 477036, Avg Reward: -8.45, Avg Length: 0.0, Steps/sec: 718.9, Policy Loss: 12.4034, Value Loss: 0.8304
2025-09-17 15:24:29,166 - src.training.trainer - INFO - Timesteps: 494592/1800000, Episodes: 478522, Avg Reward: -8.43, Avg Length: 0.0, Steps/sec: 717.4, Policy Loss: 164.6833, Value Loss: 1.2378
2025-09-17 15:24:31,833 - src.training.trainer - INFO - Timesteps: 496128/1800000, Episodes: 480009, Avg Reward: -8.44, Avg Length: 0.0, Steps/sec: 710.2, Policy Loss: 939.4155, Value Loss: 1.1226
2025-09-17 15:24:34,471 - src.training.trainer - INFO - Timesteps: 497664/1800000, Episodes: 481495, Avg Reward: -8.45, Avg Length: 0.0, Steps/sec: 717.2, Policy Loss: 549.9774, Value Loss: 1.3627
2025-09-17 15:24:37,066 - src.training.trainer - INFO - Timesteps: 499200/1800000, Episodes: 482982, Avg Reward: -8.44, Avg Length: 0.0, Steps/sec: 730.8, Policy Loss: 731.2348, Value Loss: 1.6749
2025-09-17 15:24:39,658 - src.training.trainer - INFO - Timesteps: 500736/1800000, Episodes: 484468, Avg Reward: -8.44, Avg Length: 0.0, Steps/sec: 729.8, Policy Loss: 660.9387, Value Loss: 1.7564
2025-09-17 15:24:42,292 - src.training.trainer - INFO - Timesteps: 502272/1800000, Episodes: 485954, Avg Reward: -8.45, Avg Length: 0.0, Steps/sec: 729.4, Policy Loss: 363.8336, Value Loss: 1.2740
2025-09-17 15:24:44,929 - src.training.trainer - INFO - Timesteps: 503808/1800000, Episodes: 487440, Avg Reward: -8.45, Avg Length: 0.0, Steps/sec: 714.9, Policy Loss: 500.3414, Value Loss: 1.6640
2025-09-17 15:24:47,532 - src.training.trainer - INFO - Timesteps: 505344/1800000, Episodes: 488926, Avg Reward: -8.43, Avg Length: 0.0, Steps/sec: 732.1, Policy Loss: 369.5740, Value Loss: 1.5178
2025-09-17 15:24:50,144 - src.training.trainer - INFO - Timesteps: 506880/1800000, Episodes: 490412, Avg Reward: -8.44, Avg Length: 0.0, Steps/sec: 726.7, Policy Loss: 493.1292, Value Loss: 1.4101
2025-09-17 15:24:52,753 - src.training.trainer - INFO - Timesteps: 508416/1800000, Episodes: 491898, Avg Reward: -8.43, Avg Length: 0.0, Steps/sec: 726.5, Policy Loss: 938.6039, Value Loss: 1.2040
2025-09-17 15:24:55,338 - src.training.trainer - INFO - Timesteps: 509952/1800000, Episodes: 493384, Avg Reward: -8.45, Avg Length: 0.0, Steps/sec: 739.7, Policy Loss: 248.1577, Value Loss: 1.3977
2025-09-17 15:24:57,925 - src.training.trainer - INFO - Timesteps: 511488/1800000, Episodes: 494870, Avg Reward: -8.44, Avg Length: 0.0, Steps/sec: 729.6, Policy Loss: 620.2340, Value Loss: 1.0569
2025-09-17 15:25:00,523 - src.training.trainer - INFO - Timesteps: 513024/1800000, Episodes: 496356, Avg Reward: -8.43, Avg Length: 0.0, Steps/sec: 729.4, Policy Loss: 23.7461, Value Loss: 1.4941
2025-09-17 15:25:03,111 - src.training.trainer - INFO - Timesteps: 514560/1800000, Episodes: 497842, Avg Reward: -8.45, Avg Length: 0.0, Steps/sec: 734.8, Policy Loss: 15.1012, Value Loss: 2.2106
2025-09-17 15:25:05,713 - src.training.trainer - INFO - Timesteps: 516096/1800000, Episodes: 499328, Avg Reward: -8.45, Avg Length: 0.0, Steps/sec: 731.6, Policy Loss: 15.4878, Value Loss: 3.6174
2025-09-17 15:25:08,322 - src.training.trainer - INFO - Timesteps: 517632/1800000, Episodes: 500814, Avg Reward: -8.45, Avg Length: 0.0, Steps/sec: 730.0, Policy Loss: 19.1783, Value Loss: 4.0047
2025-09-17 15:25:10,908 - src.training.trainer - INFO - Timesteps: 519168/1800000, Episodes: 502301, Avg Reward: -8.43, Avg Length: 0.0, Steps/sec: 730.4, Policy Loss: 26.9416, Value Loss: 3.3391
2025-09-17 15:25:13,549 - src.training.trainer - INFO - Timesteps: 520704/1800000, Episodes: 503787, Avg Reward: -8.44, Avg Length: 0.0, Steps/sec: 722.6, Policy Loss: 17.7782, Value Loss: 3.7649
2025-09-17 15:25:16,158 - src.training.trainer - INFO - Timesteps: 522240/1800000, Episodes: 505273, Avg Reward: -8.43, Avg Length: 0.0, Steps/sec: 726.2, Policy Loss: 26.9252, Value Loss: 2.8288
2025-09-17 15:25:18,771 - src.training.trainer - INFO - Timesteps: 523776/1800000, Episodes: 506759, Avg Reward: -8.45, Avg Length: 0.0, Steps/sec: 725.8, Policy Loss: 24.0364, Value Loss: 3.0271
2025-09-17 15:25:21,414 - src.training.trainer - INFO - Timesteps: 525312/1800000, Episodes: 508245, Avg Reward: -8.44, Avg Length: 0.0, Steps/sec: 730.3, Policy Loss: 28.5939, Value Loss: 2.3958
2025-09-17 15:25:23,989 - src.training.trainer - INFO - Timesteps: 526848/1800000, Episodes: 509731, Avg Reward: -8.44, Avg Length: 0.0, Steps/sec: 730.1, Policy Loss: 23.9424, Value Loss: 1.6398
2025-09-17 15:25:26,570 - src.training.trainer - INFO - Timesteps: 528384/1800000, Episodes: 511218, Avg Reward: -8.44, Avg Length: 0.0, Steps/sec: 735.5, Policy Loss: 34.9558, Value Loss: 1.1769
2025-09-17 15:25:29,191 - src.training.trainer - INFO - Timesteps: 529920/1800000, Episodes: 512705, Avg Reward: -8.43, Avg Length: 0.0, Steps/sec: 719.8, Policy Loss: 24.0529, Value Loss: 1.2265
2025-09-17 15:25:31,817 - src.training.trainer - INFO - Timesteps: 531456/1800000, Episodes: 514191, Avg Reward: -8.43, Avg Length: 0.0, Steps/sec: 723.0, Policy Loss: 13.6249, Value Loss: 1.3281
2025-09-17 15:25:34,388 - src.training.trainer - INFO - Timesteps: 532992/1800000, Episodes: 515677, Avg Reward: -8.43, Avg Length: 0.0, Steps/sec: 737.4, Policy Loss: 27.2767, Value Loss: 2.5738
2025-09-17 15:25:36,988 - src.training.trainer - INFO - Timesteps: 534528/1800000, Episodes: 517163, Avg Reward: -8.44, Avg Length: 0.0, Steps/sec: 730.5, Policy Loss: 19.6173, Value Loss: 2.8713
2025-09-17 15:25:39,613 - src.training.trainer - INFO - Timesteps: 536064/1800000, Episodes: 518649, Avg Reward: -8.44, Avg Length: 0.0, Steps/sec: 728.1, Policy Loss: 13.3337, Value Loss: 3.8491
2025-09-17 15:25:42,196 - src.training.trainer - INFO - Timesteps: 537600/1800000, Episodes: 520135, Avg Reward: -8.45, Avg Length: 0.0, Steps/sec: 730.3, Policy Loss: 9.6500, Value Loss: 4.4268
2025-09-17 15:25:44,821 - src.training.trainer - INFO - Timesteps: 539136/1800000, Episodes: 521621, Avg Reward: -8.44, Avg Length: 0.0, Steps/sec: 719.2, Policy Loss: 10.2430, Value Loss: 3.7254
2025-09-17 15:25:47,439 - src.training.trainer - INFO - Timesteps: 540672/1800000, Episodes: 523108, Avg Reward: -8.44, Avg Length: 0.0, Steps/sec: 728.7, Policy Loss: 9.8583, Value Loss: 2.8498
2025-09-17 15:25:50,074 - src.training.trainer - INFO - Timesteps: 542208/1800000, Episodes: 524594, Avg Reward: -8.45, Avg Length: 0.0, Steps/sec: 718.9, Policy Loss: 13.4083, Value Loss: 2.8512
2025-09-17 15:25:52,721 - src.training.trainer - INFO - Timesteps: 543744/1800000, Episodes: 526081, Avg Reward: -8.43, Avg Length: 0.0, Steps/sec: 714.4, Policy Loss: 9.9248, Value Loss: 2.1166
2025-09-17 15:25:55,342 - src.training.trainer - INFO - Timesteps: 545280/1800000, Episodes: 527567, Avg Reward: -8.44, Avg Length: 0.0, Steps/sec: 721.9, Policy Loss: 11.5227, Value Loss: 1.4230
2025-09-17 15:25:57,932 - src.training.trainer - INFO - Timesteps: 546816/1800000, Episodes: 529053, Avg Reward: -8.44, Avg Length: 0.0, Steps/sec: 732.4, Policy Loss: 17.7222, Value Loss: 0.8488
2025-09-17 15:26:00,525 - src.training.trainer - INFO - Timesteps: 548352/1800000, Episodes: 530539, Avg Reward: -8.45, Avg Length: 0.0, Steps/sec: 725.1, Policy Loss: 15.0274, Value Loss: 0.6691
2025-09-17 15:26:03,124 - src.training.trainer - INFO - Timesteps: 549888/1800000, Episodes: 532025, Avg Reward: -8.43, Avg Length: 0.0, Steps/sec: 727.9, Policy Loss: 21.2163, Value Loss: 0.8266
2025-09-17 15:26:05,730 - src.training.trainer - INFO - Timesteps: 551424/1800000, Episodes: 533511, Avg Reward: -8.45, Avg Length: 0.0, Steps/sec: 723.5, Policy Loss: 21.9033, Value Loss: 1.4911
2025-09-17 15:26:08,337 - src.training.trainer - INFO - Timesteps: 552960/1800000, Episodes: 534997, Avg Reward: -8.44, Avg Length: 0.0, Steps/sec: 730.1, Policy Loss: 19.1213, Value Loss: 2.1487
2025-09-17 15:26:10,947 - src.training.trainer - INFO - Timesteps: 554496/1800000, Episodes: 536483, Avg Reward: -8.46, Avg Length: 0.0, Steps/sec: 729.2, Policy Loss: 16.4448, Value Loss: 2.9274
2025-09-17 15:26:13,522 - src.training.trainer - INFO - Timesteps: 556032/1800000, Episodes: 537969, Avg Reward: -8.45, Avg Length: 0.0, Steps/sec: 736.5, Policy Loss: 19.1322, Value Loss: 3.5952
2025-09-17 15:26:16,163 - src.training.trainer - INFO - Timesteps: 557568/1800000, Episodes: 539456, Avg Reward: -8.43, Avg Length: 0.0, Steps/sec: 717.4, Policy Loss: 24.9417, Value Loss: 3.1432
2025-09-17 15:26:18,777 - src.training.trainer - INFO - Timesteps: 559104/1800000, Episodes: 540943, Avg Reward: -8.44, Avg Length: 0.0, Steps/sec: 722.5, Policy Loss: 23.9582, Value Loss: 2.5056
2025-09-17 15:26:21,430 - src.training.trainer - INFO - Timesteps: 560640/1800000, Episodes: 542429, Avg Reward: -8.44, Avg Length: 0.0, Steps/sec: 730.5, Policy Loss: 26.7509, Value Loss: 2.0824
2025-09-17 15:26:24,031 - src.training.trainer - INFO - Timesteps: 562176/1800000, Episodes: 543915, Avg Reward: -8.44, Avg Length: 0.0, Steps/sec: 725.8, Policy Loss: 30.8340, Value Loss: 2.0684
2025-09-17 15:26:26,625 - src.training.trainer - INFO - Timesteps: 563712/1800000, Episodes: 545401, Avg Reward: -8.45, Avg Length: 0.0, Steps/sec: 727.7, Policy Loss: 75.1449, Value Loss: 1.5062
2025-09-17 15:26:29,215 - src.training.trainer - INFO - Timesteps: 565248/1800000, Episodes: 546887, Avg Reward: -8.43, Avg Length: 0.0, Steps/sec: 730.9, Policy Loss: 41.7546, Value Loss: 1.0296
2025-09-17 15:26:31,818 - src.training.trainer - INFO - Timesteps: 566784/1800000, Episodes: 548373, Avg Reward: -8.45, Avg Length: 0.0, Steps/sec: 727.8, Policy Loss: 74.1236, Value Loss: 0.9656
2025-09-17 15:26:34,413 - src.training.trainer - INFO - Timesteps: 568320/1800000, Episodes: 549859, Avg Reward: -8.44, Avg Length: 0.0, Steps/sec: 731.2, Policy Loss: 66.7196, Value Loss: 1.0092
2025-09-17 15:26:36,996 - src.training.trainer - INFO - Timesteps: 569856/1800000, Episodes: 551345, Avg Reward: -8.43, Avg Length: 0.0, Steps/sec: 735.2, Policy Loss: 63.1559, Value Loss: 1.2425
2025-09-17 15:26:39,610 - src.training.trainer - INFO - Timesteps: 571392/1800000, Episodes: 552831, Avg Reward: -8.44, Avg Length: 0.0, Steps/sec: 725.9, Policy Loss: 1723.0785, Value Loss: 2.5520
2025-09-17 15:26:42,219 - src.training.trainer - INFO - Timesteps: 572928/1800000, Episodes: 554317, Avg Reward: -8.44, Avg Length: 0.0, Steps/sec: 727.9, Policy Loss: 1667.3333, Value Loss: 3.0135
2025-09-17 15:26:44,807 - src.training.trainer - INFO - Timesteps: 574464/1800000, Episodes: 555803, Avg Reward: -8.44, Avg Length: 0.0, Steps/sec: 730.4, Policy Loss: 1855.8750, Value Loss: 3.3888
2025-09-17 15:26:47,414 - src.training.trainer - INFO - Timesteps: 576000/1800000, Episodes: 557289, Avg Reward: -8.45, Avg Length: 0.0, Steps/sec: 730.0, Policy Loss: 840.7448, Value Loss: 2.7892
2025-09-17 15:26:50,033 - src.training.trainer - INFO - Timesteps: 577536/1800000, Episodes: 558775, Avg Reward: -8.44, Avg Length: 0.0, Steps/sec: 725.3, Policy Loss: 4145.7524, Value Loss: 2.1991
2025-09-17 15:26:52,658 - src.training.trainer - INFO - Timesteps: 579072/1800000, Episodes: 560261, Avg Reward: -8.45, Avg Length: 0.0, Steps/sec: 723.1, Policy Loss: 1598.3441, Value Loss: 1.9900
2025-09-17 15:26:55,268 - src.training.trainer - INFO - Timesteps: 580608/1800000, Episodes: 561747, Avg Reward: -8.44, Avg Length: 0.0, Steps/sec: 727.8, Policy Loss: 2247.9361, Value Loss: 1.6799
2025-09-17 15:26:57,880 - src.training.trainer - INFO - Timesteps: 582144/1800000, Episodes: 563233, Avg Reward: -8.44, Avg Length: 0.0, Steps/sec: 727.2, Policy Loss: 2062.7346, Value Loss: 0.9957
2025-09-17 15:27:00,478 - src.training.trainer - INFO - Timesteps: 583680/1800000, Episodes: 564719, Avg Reward: -8.45, Avg Length: 0.0, Steps/sec: 730.9, Policy Loss: 1274.3273, Value Loss: 0.8898
2025-09-17 15:27:03,074 - src.training.trainer - INFO - Timesteps: 585216/1800000, Episodes: 566206, Avg Reward: -8.43, Avg Length: 0.0, Steps/sec: 730.1, Policy Loss: 1977.3002, Value Loss: 0.9230
2025-09-17 15:27:05,672 - src.training.trainer - INFO - Timesteps: 586752/1800000, Episodes: 567692, Avg Reward: -8.43, Avg Length: 0.0, Steps/sec: 731.3, Policy Loss: 1716.1345, Value Loss: 1.0491
2025-09-17 15:27:08,271 - src.training.trainer - INFO - Timesteps: 588288/1800000, Episodes: 569178, Avg Reward: -8.43, Avg Length: 0.0, Steps/sec: 727.9, Policy Loss: 3184.3930, Value Loss: 1.7068
2025-09-17 15:27:10,896 - src.training.trainer - INFO - Timesteps: 589824/1800000, Episodes: 570664, Avg Reward: -8.43, Avg Length: 0.0, Steps/sec: 720.4, Policy Loss: 15.4007, Value Loss: 3.2685
2025-09-17 15:27:13,517 - src.training.trainer - INFO - Timesteps: 591360/1800000, Episodes: 572150, Avg Reward: -8.44, Avg Length: 0.0, Steps/sec: 724.4, Policy Loss: 13.8111, Value Loss: 3.1375
2025-09-17 15:27:16,094 - src.training.trainer - INFO - Timesteps: 592896/1800000, Episodes: 573636, Avg Reward: -8.45, Avg Length: 0.0, Steps/sec: 730.9, Policy Loss: 15.0957, Value Loss: 3.6195
2025-09-17 15:27:18,675 - src.training.trainer - INFO - Timesteps: 594432/1800000, Episodes: 575122, Avg Reward: -8.44, Avg Length: 0.0, Steps/sec: 734.0, Policy Loss: 7.7734, Value Loss: 3.0915
2025-09-17 15:27:21,233 - src.training.trainer - INFO - Timesteps: 595968/1800000, Episodes: 576608, Avg Reward: -8.44, Avg Length: 0.0, Steps/sec: 736.2, Policy Loss: 7.4069, Value Loss: 2.2176
2025-09-17 15:27:23,893 - src.training.trainer - INFO - Timesteps: 597504/1800000, Episodes: 578094, Avg Reward: -8.44, Avg Length: 0.0, Steps/sec: 721.2, Policy Loss: 7.6223, Value Loss: 1.6524
2025-09-17 15:27:26,525 - src.training.trainer - INFO - Timesteps: 599040/1800000, Episodes: 579580, Avg Reward: -8.44, Avg Length: 0.0, Steps/sec: 723.6, Policy Loss: 7.3206, Value Loss: 1.1854
2025-09-17 15:27:29,177 - src.training.trainer - INFO - Timesteps: 600576/1800000, Episodes: 581066, Avg Reward: -8.43, Avg Length: 0.0, Steps/sec: 720.1, Policy Loss: 8.3550, Value Loss: 1.5509
2025-09-17 15:27:31,786 - src.training.trainer - INFO - Timesteps: 602112/1800000, Episodes: 582552, Avg Reward: -8.43, Avg Length: 0.0, Steps/sec: 725.3, Policy Loss: 11.7554, Value Loss: 1.2010
2025-09-17 15:27:34,404 - src.training.trainer - INFO - Timesteps: 603648/1800000, Episodes: 584039, Avg Reward: -8.44, Avg Length: 0.0, Steps/sec: 723.2, Policy Loss: 10.8670, Value Loss: 1.3637
2025-09-17 15:27:37,042 - src.training.trainer - INFO - Timesteps: 605184/1800000, Episodes: 585525, Avg Reward: -8.44, Avg Length: 0.0, Steps/sec: 727.4, Policy Loss: 8.9530, Value Loss: 2.0056
2025-09-17 15:27:39,647 - src.training.trainer - INFO - Timesteps: 606720/1800000, Episodes: 587011, Avg Reward: -8.45, Avg Length: 0.0, Steps/sec: 726.5, Policy Loss: 9.2663, Value Loss: 3.0594
2025-09-17 15:27:42,224 - src.training.trainer - INFO - Timesteps: 608256/1800000, Episodes: 588497, Avg Reward: -8.43, Avg Length: 0.0, Steps/sec: 736.8, Policy Loss: 9.5789, Value Loss: 3.9165
2025-09-17 15:27:44,822 - src.training.trainer - INFO - Timesteps: 609792/1800000, Episodes: 589983, Avg Reward: -8.45, Avg Length: 0.0, Steps/sec: 722.8, Policy Loss: 9.2361, Value Loss: 4.8966
2025-09-17 15:27:47,429 - src.training.trainer - INFO - Timesteps: 611328/1800000, Episodes: 591470, Avg Reward: -8.44, Avg Length: 0.0, Steps/sec: 726.7, Policy Loss: 9.1460, Value Loss: 5.5081
2025-09-17 15:27:49,973 - src.training.trainer - INFO - Timesteps: 612864/1800000, Episodes: 592956, Avg Reward: -8.44, Avg Length: 0.0, Steps/sec: 737.4, Policy Loss: 9.2966, Value Loss: 4.2735
2025-09-17 15:27:52,567 - src.training.trainer - INFO - Timesteps: 614400/1800000, Episodes: 594442, Avg Reward: -8.45, Avg Length: 0.0, Steps/sec: 732.2, Policy Loss: 10.6958, Value Loss: 3.3500
2025-09-17 15:27:55,194 - src.training.trainer - INFO - Timesteps: 615936/1800000, Episodes: 595928, Avg Reward: -8.44, Avg Length: 0.0, Steps/sec: 730.5, Policy Loss: 10.2010, Value Loss: 2.5901
2025-09-17 15:27:57,848 - src.training.trainer - INFO - Timesteps: 617472/1800000, Episodes: 597414, Avg Reward: -8.44, Avg Length: 0.0, Steps/sec: 712.4, Policy Loss: 9.5802, Value Loss: 2.2959
2025-09-17 15:28:00,454 - src.training.trainer - INFO - Timesteps: 619008/1800000, Episodes: 598900, Avg Reward: -8.44, Avg Length: 0.0, Steps/sec: 729.1, Policy Loss: 10.2960, Value Loss: 2.1500
2025-09-17 15:28:03,122 - src.training.trainer - INFO - Timesteps: 620544/1800000, Episodes: 600386, Avg Reward: -8.44, Avg Length: 0.0, Steps/sec: 715.6, Policy Loss: 14.9372, Value Loss: 1.5373
2025-09-17 15:28:05,778 - src.training.trainer - INFO - Timesteps: 622080/1800000, Episodes: 601872, Avg Reward: -8.45, Avg Length: 0.0, Steps/sec: 713.8, Policy Loss: 9.8873, Value Loss: 1.0419
2025-09-17 15:28:08,380 - src.training.trainer - INFO - Timesteps: 623616/1800000, Episodes: 603358, Avg Reward: -8.46, Avg Length: 0.0, Steps/sec: 728.0, Policy Loss: 10.3695, Value Loss: 0.9639
2025-09-17 15:28:11,001 - src.training.trainer - INFO - Timesteps: 625152/1800000, Episodes: 604844, Avg Reward: -8.44, Avg Length: 0.0, Steps/sec: 724.1, Policy Loss: 14.1804, Value Loss: 1.6500
2025-09-17 15:28:13,603 - src.training.trainer - INFO - Timesteps: 626688/1800000, Episodes: 606330, Avg Reward: -8.44, Avg Length: 0.0, Steps/sec: 725.0, Policy Loss: 12.6255, Value Loss: 2.6211
2025-09-17 15:28:16,230 - src.training.trainer - INFO - Timesteps: 628224/1800000, Episodes: 607816, Avg Reward: -8.45, Avg Length: 0.0, Steps/sec: 720.5, Policy Loss: 13.5673, Value Loss: 3.8105
2025-09-17 15:28:18,828 - src.training.trainer - INFO - Timesteps: 629760/1800000, Episodes: 609302, Avg Reward: -8.44, Avg Length: 0.0, Steps/sec: 721.0, Policy Loss: 14.2378, Value Loss: 4.2616
2025-09-17 15:28:21,421 - src.training.trainer - INFO - Timesteps: 631296/1800000, Episodes: 610788, Avg Reward: -8.44, Avg Length: 0.0, Steps/sec: 735.6, Policy Loss: 14.0367, Value Loss: 3.4751
2025-09-17 15:28:24,019 - src.training.trainer - INFO - Timesteps: 632832/1800000, Episodes: 612274, Avg Reward: -8.45, Avg Length: 0.0, Steps/sec: 728.4, Policy Loss: 14.5308, Value Loss: 3.3539
2025-09-17 15:28:26,619 - src.training.trainer - INFO - Timesteps: 634368/1800000, Episodes: 613760, Avg Reward: -8.44, Avg Length: 0.0, Steps/sec: 726.6, Policy Loss: 13.3633, Value Loss: 2.5028
2025-09-17 15:28:29,206 - src.training.trainer - INFO - Timesteps: 635904/1800000, Episodes: 615246, Avg Reward: -8.46, Avg Length: 0.0, Steps/sec: 732.1, Policy Loss: 16.5577, Value Loss: 1.9206
2025-09-17 15:28:31,827 - src.training.trainer - INFO - Timesteps: 637440/1800000, Episodes: 616732, Avg Reward: -8.44, Avg Length: 0.0, Steps/sec: 716.2, Policy Loss: 11.1866, Value Loss: 1.4352
2025-09-17 15:28:34,421 - src.training.trainer - INFO - Timesteps: 638976/1800000, Episodes: 618218, Avg Reward: -8.43, Avg Length: 0.0, Steps/sec: 728.9, Policy Loss: 14.0702, Value Loss: 1.1260
2025-09-17 15:28:37,029 - src.training.trainer - INFO - Timesteps: 640512/1800000, Episodes: 619705, Avg Reward: -8.44, Avg Length: 0.0, Steps/sec: 729.8, Policy Loss: 13.9425, Value Loss: 1.1301
2025-09-17 15:28:39,631 - src.training.trainer - INFO - Timesteps: 642048/1800000, Episodes: 621191, Avg Reward: -8.43, Avg Length: 0.0, Steps/sec: 724.3, Policy Loss: 15.2295, Value Loss: 1.2473
2025-09-17 15:28:42,254 - src.training.trainer - INFO - Timesteps: 643584/1800000, Episodes: 622677, Avg Reward: -8.44, Avg Length: 0.0, Steps/sec: 720.4, Policy Loss: 12.8314, Value Loss: 1.2854
2025-09-17 15:28:44,887 - src.training.trainer - INFO - Timesteps: 645120/1800000, Episodes: 624164, Avg Reward: -8.44, Avg Length: 0.0, Steps/sec: 718.3, Policy Loss: 15.2176, Value Loss: 1.6624
2025-09-17 15:28:47,527 - src.training.trainer - INFO - Timesteps: 646656/1800000, Episodes: 625651, Avg Reward: -8.43, Avg Length: 0.0, Steps/sec: 714.6, Policy Loss: 13.6697, Value Loss: 1.6460
2025-09-17 15:28:50,172 - src.training.trainer - INFO - Timesteps: 648192/1800000, Episodes: 627137, Avg Reward: -8.44, Avg Length: 0.0, Steps/sec: 717.1, Policy Loss: 13.0230, Value Loss: 3.0913
2025-09-17 15:28:52,808 - src.training.trainer - INFO - Timesteps: 649728/1800000, Episodes: 628623, Avg Reward: -8.45, Avg Length: 0.0, Steps/sec: 718.6, Policy Loss: 12.9555, Value Loss: 4.0879
2025-09-17 15:28:55,480 - src.training.trainer - INFO - Timesteps: 651264/1800000, Episodes: 630109, Avg Reward: -8.44, Avg Length: 0.0, Steps/sec: 711.1, Policy Loss: 11.6443, Value Loss: 3.2800
2025-09-17 15:28:58,166 - src.training.trainer - INFO - Timesteps: 652800/1800000, Episodes: 631595, Avg Reward: -8.44, Avg Length: 0.0, Steps/sec: 710.8, Policy Loss: 12.6869, Value Loss: 2.1525
2025-09-17 15:29:00,816 - src.training.trainer - INFO - Timesteps: 654336/1800000, Episodes: 633082, Avg Reward: -8.44, Avg Length: 0.0, Steps/sec: 722.7, Policy Loss: 11.9818, Value Loss: 2.2714
2025-09-17 15:29:03,481 - src.training.trainer - INFO - Timesteps: 655872/1800000, Episodes: 634569, Avg Reward: -8.44, Avg Length: 0.0, Steps/sec: 713.3, Policy Loss: 11.5493, Value Loss: 2.1003
2025-09-17 15:29:06,156 - src.training.trainer - INFO - Timesteps: 657408/1800000, Episodes: 636055, Avg Reward: -8.44, Avg Length: 0.0, Steps/sec: 710.1, Policy Loss: 11.0210, Value Loss: 1.9070
2025-09-17 15:29:08,838 - src.training.trainer - INFO - Timesteps: 658944/1800000, Episodes: 637541, Avg Reward: -8.44, Avg Length: 0.0, Steps/sec: 710.3, Policy Loss: 11.3915, Value Loss: 1.9327
2025-09-17 15:29:11,474 - src.training.trainer - INFO - Timesteps: 660480/1800000, Episodes: 639027, Avg Reward: -8.44, Avg Length: 0.0, Steps/sec: 720.0, Policy Loss: 15.5569, Value Loss: 0.9122
2025-09-17 15:29:14,160 - src.training.trainer - INFO - Timesteps: 662016/1800000, Episodes: 640513, Avg Reward: -8.45, Avg Length: 0.0, Steps/sec: 710.7, Policy Loss: 15.0604, Value Loss: 1.1409
2025-09-17 15:29:16,838 - src.training.trainer - INFO - Timesteps: 663552/1800000, Episodes: 641999, Avg Reward: -8.44, Avg Length: 0.0, Steps/sec: 715.0, Policy Loss: 18.1587, Value Loss: 1.1500
2025-09-17 15:29:19,485 - src.training.trainer - INFO - Timesteps: 665088/1800000, Episodes: 643485, Avg Reward: -8.44, Avg Length: 0.0, Steps/sec: 709.0, Policy Loss: 15.3141, Value Loss: 1.3158
2025-09-17 15:29:22,144 - src.training.trainer - INFO - Timesteps: 666624/1800000, Episodes: 644971, Avg Reward: -8.44, Avg Length: 0.0, Steps/sec: 712.2, Policy Loss: 17.5596, Value Loss: 1.8259
2025-09-17 15:29:24,823 - src.training.trainer - INFO - Timesteps: 668160/1800000, Episodes: 646457, Avg Reward: -8.45, Avg Length: 0.0, Steps/sec: 712.2, Policy Loss: 15.7664, Value Loss: 1.9490
2025-09-17 15:29:27,498 - src.training.trainer - INFO - Timesteps: 669696/1800000, Episodes: 647943, Avg Reward: -8.44, Avg Length: 0.0, Steps/sec: 712.7, Policy Loss: 15.5092, Value Loss: 1.5167
2025-09-17 15:29:30,214 - src.training.trainer - INFO - Timesteps: 671232/1800000, Episodes: 649429, Avg Reward: -8.45, Avg Length: 0.0, Steps/sec: 703.7, Policy Loss: 15.1027, Value Loss: 1.4397
2025-09-17 15:29:32,919 - src.training.trainer - INFO - Timesteps: 672768/1800000, Episodes: 650915, Avg Reward: -8.44, Avg Length: 0.0, Steps/sec: 705.3, Policy Loss: 18.5007, Value Loss: 1.1967
2025-09-17 15:29:35,655 - src.training.trainer - INFO - Timesteps: 674304/1800000, Episodes: 652401, Avg Reward: -8.45, Avg Length: 0.0, Steps/sec: 695.6, Policy Loss: 19.5773, Value Loss: 1.0913
2025-09-17 15:29:38,349 - src.training.trainer - INFO - Timesteps: 675840/1800000, Episodes: 653887, Avg Reward: -8.44, Avg Length: 0.0, Steps/sec: 710.3, Policy Loss: 28.1265, Value Loss: 0.7559
2025-09-17 15:29:41,034 - src.training.trainer - INFO - Timesteps: 677376/1800000, Episodes: 655373, Avg Reward: -8.44, Avg Length: 0.0, Steps/sec: 705.7, Policy Loss: 31.9906, Value Loss: 0.6177
2025-09-17 15:29:43,730 - src.training.trainer - INFO - Timesteps: 678912/1800000, Episodes: 656859, Avg Reward: -8.45, Avg Length: 0.0, Steps/sec: 717.5, Policy Loss: 34.3402, Value Loss: 0.6224
2025-09-17 15:29:46,441 - src.training.trainer - INFO - Timesteps: 680448/1800000, Episodes: 658345, Avg Reward: -8.43, Avg Length: 0.0, Steps/sec: 705.4, Policy Loss: 30.0109, Value Loss: 0.7627
2025-09-17 15:29:49,095 - src.training.trainer - INFO - Timesteps: 681984/1800000, Episodes: 659831, Avg Reward: -8.45, Avg Length: 0.0, Steps/sec: 711.2, Policy Loss: 24.1588, Value Loss: 0.7964
2025-09-17 15:29:51,801 - src.training.trainer - INFO - Timesteps: 683520/1800000, Episodes: 661317, Avg Reward: -8.44, Avg Length: 0.0, Steps/sec: 714.1, Policy Loss: 23.0007, Value Loss: 1.5346
2025-09-17 15:29:54,532 - src.training.trainer - INFO - Timesteps: 685056/1800000, Episodes: 662803, Avg Reward: -8.44, Avg Length: 0.0, Steps/sec: 704.0, Policy Loss: 49.9207, Value Loss: 3.2097
2025-09-17 15:29:57,221 - src.training.trainer - INFO - Timesteps: 686592/1800000, Episodes: 664289, Avg Reward: -8.44, Avg Length: 0.0, Steps/sec: 710.5, Policy Loss: 23.1966, Value Loss: 2.9559
2025-09-17 15:29:59,951 - src.training.trainer - INFO - Timesteps: 688128/1800000, Episodes: 665775, Avg Reward: -8.43, Avg Length: 0.0, Steps/sec: 699.3, Policy Loss: 42.8560, Value Loss: 2.0706
2025-09-17 15:30:02,625 - src.training.trainer - INFO - Timesteps: 689664/1800000, Episodes: 667261, Avg Reward: -8.44, Avg Length: 0.0, Steps/sec: 716.8, Policy Loss: 18.9063, Value Loss: 2.4042
2025-09-17 15:30:05,271 - src.training.trainer - INFO - Timesteps: 691200/1800000, Episodes: 668747, Avg Reward: -8.45, Avg Length: 0.0, Steps/sec: 718.3, Policy Loss: 27.4175, Value Loss: 2.1285
2025-09-17 15:30:07,930 - src.training.trainer - INFO - Timesteps: 692736/1800000, Episodes: 670233, Avg Reward: -8.43, Avg Length: 0.0, Steps/sec: 706.5, Policy Loss: 20.3659, Value Loss: 2.1472
2025-09-17 15:30:10,595 - src.training.trainer - INFO - Timesteps: 694272/1800000, Episodes: 671719, Avg Reward: -8.45, Avg Length: 0.0, Steps/sec: 720.6, Policy Loss: 15.6772, Value Loss: 1.3092
2025-09-17 15:30:13,359 - src.training.trainer - INFO - Timesteps: 695808/1800000, Episodes: 673206, Avg Reward: -8.44, Avg Length: 0.0, Steps/sec: 692.1, Policy Loss: 12.3330, Value Loss: 1.4609
2025-09-17 15:30:16,072 - src.training.trainer - INFO - Timesteps: 697344/1800000, Episodes: 674692, Avg Reward: -8.44, Avg Length: 0.0, Steps/sec: 709.3, Policy Loss: 10.9909, Value Loss: 1.4104
2025-09-17 15:30:18,749 - src.training.trainer - INFO - Timesteps: 698880/1800000, Episodes: 676178, Avg Reward: -8.45, Avg Length: 0.0, Steps/sec: 718.2, Policy Loss: 10.5180, Value Loss: 1.2835
2025-09-17 15:30:21,427 - src.training.trainer - INFO - Timesteps: 700416/1800000, Episodes: 677664, Avg Reward: -8.45, Avg Length: 0.0, Steps/sec: 718.5, Policy Loss: 11.0023, Value Loss: 1.7609
2025-09-17 15:30:24,092 - src.training.trainer - INFO - Timesteps: 701952/1800000, Episodes: 679150, Avg Reward: -8.44, Avg Length: 0.0, Steps/sec: 711.5, Policy Loss: 9.9355, Value Loss: 3.1949
2025-09-17 15:30:26,715 - src.training.trainer - INFO - Timesteps: 703488/1800000, Episodes: 680636, Avg Reward: -8.44, Avg Length: 0.0, Steps/sec: 719.5, Policy Loss: 15.0293, Value Loss: 3.2987
2025-09-17 15:30:29,381 - src.training.trainer - INFO - Timesteps: 705024/1800000, Episodes: 682122, Avg Reward: -8.44, Avg Length: 0.0, Steps/sec: 722.7, Policy Loss: 13.0135, Value Loss: 2.9645
2025-09-17 15:30:31,985 - src.training.trainer - INFO - Timesteps: 706560/1800000, Episodes: 683609, Avg Reward: -8.44, Avg Length: 0.0, Steps/sec: 724.1, Policy Loss: 13.9828, Value Loss: 2.3656
2025-09-17 15:30:34,659 - src.training.trainer - INFO - Timesteps: 708096/1800000, Episodes: 685095, Avg Reward: -8.44, Avg Length: 0.0, Steps/sec: 710.8, Policy Loss: 7.7115, Value Loss: 1.9726
2025-09-17 15:30:37,275 - src.training.trainer - INFO - Timesteps: 709632/1800000, Episodes: 686581, Avg Reward: -8.44, Avg Length: 0.0, Steps/sec: 719.4, Policy Loss: 10.7315, Value Loss: 1.3169
2025-09-17 15:30:39,932 - src.training.trainer - INFO - Timesteps: 711168/1800000, Episodes: 688067, Avg Reward: -8.45, Avg Length: 0.0, Steps/sec: 709.8, Policy Loss: 10.5898, Value Loss: 1.1655
2025-09-17 15:30:42,525 - src.training.trainer - INFO - Timesteps: 712704/1800000, Episodes: 689553, Avg Reward: -8.45, Avg Length: 0.0, Steps/sec: 722.2, Policy Loss: 7.8389, Value Loss: 1.0620
2025-09-17 15:30:45,156 - src.training.trainer - INFO - Timesteps: 714240/1800000, Episodes: 691039, Avg Reward: -8.45, Avg Length: 0.0, Steps/sec: 717.9, Policy Loss: 7.7781, Value Loss: 0.9771
2025-09-17 15:30:47,809 - src.training.trainer - INFO - Timesteps: 715776/1800000, Episodes: 692525, Avg Reward: -8.44, Avg Length: 0.0, Steps/sec: 718.7, Policy Loss: 10.1361, Value Loss: 1.1258
2025-09-17 15:30:50,468 - src.training.trainer - INFO - Timesteps: 717312/1800000, Episodes: 694011, Avg Reward: -8.45, Avg Length: 0.0, Steps/sec: 710.1, Policy Loss: 12.7357, Value Loss: 1.1503
2025-09-17 15:30:53,145 - src.training.trainer - INFO - Timesteps: 718848/1800000, Episodes: 695497, Avg Reward: -8.44, Avg Length: 0.0, Steps/sec: 713.3, Policy Loss: 10.1433, Value Loss: 1.7603
2025-09-17 15:30:55,780 - src.training.trainer - INFO - Timesteps: 720384/1800000, Episodes: 696983, Avg Reward: -8.44, Avg Length: 0.0, Steps/sec: 721.8, Policy Loss: 11.7171, Value Loss: 2.7507
2025-09-17 15:30:58,402 - src.training.trainer - INFO - Timesteps: 721920/1800000, Episodes: 698470, Avg Reward: -8.44, Avg Length: 0.0, Steps/sec: 720.0, Policy Loss: 12.5300, Value Loss: 3.6578
2025-09-17 15:31:01,040 - src.training.trainer - INFO - Timesteps: 723456/1800000, Episodes: 699956, Avg Reward: -8.44, Avg Length: 0.0, Steps/sec: 724.9, Policy Loss: 20.1532, Value Loss: 3.1397
2025-09-17 15:31:03,653 - src.training.trainer - INFO - Timesteps: 724992/1800000, Episodes: 701442, Avg Reward: -8.44, Avg Length: 0.0, Steps/sec: 715.6, Policy Loss: 19.1479, Value Loss: 2.5407
2025-09-17 15:31:06,274 - src.training.trainer - INFO - Timesteps: 726528/1800000, Episodes: 702928, Avg Reward: -8.44, Avg Length: 0.0, Steps/sec: 721.6, Policy Loss: 15.1049, Value Loss: 2.8200
2025-09-17 15:31:08,880 - src.training.trainer - INFO - Timesteps: 728064/1800000, Episodes: 704414, Avg Reward: -8.43, Avg Length: 0.0, Steps/sec: 727.9, Policy Loss: 15.5544, Value Loss: 2.4846
2025-09-17 15:31:11,518 - src.training.trainer - INFO - Timesteps: 729600/1800000, Episodes: 705900, Avg Reward: -8.45, Avg Length: 0.0, Steps/sec: 712.9, Policy Loss: 16.1113, Value Loss: 2.2441
2025-09-17 15:31:14,137 - src.training.trainer - INFO - Timesteps: 731136/1800000, Episodes: 707386, Avg Reward: -8.44, Avg Length: 0.0, Steps/sec: 724.5, Policy Loss: 12.6311, Value Loss: 1.7859
2025-09-17 15:31:16,772 - src.training.trainer - INFO - Timesteps: 732672/1800000, Episodes: 708872, Avg Reward: -8.44, Avg Length: 0.0, Steps/sec: 714.6, Policy Loss: 21.8474, Value Loss: 1.3154
2025-09-17 15:31:19,375 - src.training.trainer - INFO - Timesteps: 734208/1800000, Episodes: 710358, Avg Reward: -8.44, Avg Length: 0.0, Steps/sec: 727.0, Policy Loss: 12.3079, Value Loss: 1.7934
2025-09-17 15:31:21,974 - src.training.trainer - INFO - Timesteps: 735744/1800000, Episodes: 711844, Avg Reward: -8.45, Avg Length: 0.0, Steps/sec: 727.9, Policy Loss: 14.3853, Value Loss: 2.6211
2025-09-17 15:31:24,605 - src.training.trainer - INFO - Timesteps: 737280/1800000, Episodes: 713330, Avg Reward: -8.43, Avg Length: 0.0, Steps/sec: 728.2, Policy Loss: 9.4497, Value Loss: 2.5566
2025-09-17 15:31:27,295 - src.training.trainer - INFO - Timesteps: 738816/1800000, Episodes: 714817, Avg Reward: -8.44, Avg Length: 0.0, Steps/sec: 711.9, Policy Loss: 9.5870, Value Loss: 2.5984
2025-09-17 15:31:29,977 - src.training.trainer - INFO - Timesteps: 740352/1800000, Episodes: 716303, Avg Reward: -8.43, Avg Length: 0.0, Steps/sec: 712.2, Policy Loss: 7.4954, Value Loss: 3.0483
2025-09-17 15:31:32,674 - src.training.trainer - INFO - Timesteps: 741888/1800000, Episodes: 717790, Avg Reward: -8.43, Avg Length: 0.0, Steps/sec: 708.4, Policy Loss: 25.9994, Value Loss: 2.5878
2025-09-17 15:31:35,364 - src.training.trainer - INFO - Timesteps: 743424/1800000, Episodes: 719276, Avg Reward: -8.43, Avg Length: 0.0, Steps/sec: 712.0, Policy Loss: 30.1250, Value Loss: 2.4004
2025-09-17 15:31:38,073 - src.training.trainer - INFO - Timesteps: 744960/1800000, Episodes: 720762, Avg Reward: -8.44, Avg Length: 0.0, Steps/sec: 711.3, Policy Loss: 25.3491, Value Loss: 2.5004
2025-09-17 15:31:40,793 - src.training.trainer - INFO - Timesteps: 746496/1800000, Episodes: 722248, Avg Reward: -8.45, Avg Length: 0.0, Steps/sec: 699.2, Policy Loss: 29.6729, Value Loss: 1.8830
2025-09-17 15:31:43,488 - src.training.trainer - INFO - Timesteps: 748032/1800000, Episodes: 723734, Avg Reward: -8.44, Avg Length: 0.0, Steps/sec: 711.2, Policy Loss: 11.9241, Value Loss: 1.5444
2025-09-17 15:31:46,156 - src.training.trainer - INFO - Timesteps: 749568/1800000, Episodes: 725220, Avg Reward: -8.45, Avg Length: 0.0, Steps/sec: 706.0, Policy Loss: 19.2843, Value Loss: 1.0782
2025-09-17 15:31:48,828 - src.training.trainer - INFO - Timesteps: 751104/1800000, Episodes: 726706, Avg Reward: -8.43, Avg Length: 0.0, Steps/sec: 713.4, Policy Loss: 19.6358, Value Loss: 0.8115
2025-09-17 15:31:51,494 - src.training.trainer - INFO - Timesteps: 752640/1800000, Episodes: 728192, Avg Reward: -8.45, Avg Length: 0.0, Steps/sec: 719.5, Policy Loss: 19.5288, Value Loss: 1.5189
2025-09-17 15:31:54,090 - src.training.trainer - INFO - Timesteps: 754176/1800000, Episodes: 729678, Avg Reward: -8.45, Avg Length: 0.0, Steps/sec: 722.9, Policy Loss: 26.8366, Value Loss: 2.7513
2025-09-17 15:31:56,708 - src.training.trainer - INFO - Timesteps: 755712/1800000, Episodes: 731164, Avg Reward: -8.43, Avg Length: 0.0, Steps/sec: 718.8, Policy Loss: 14.0015, Value Loss: 3.8794
2025-09-17 15:31:59,310 - src.training.trainer - INFO - Timesteps: 757248/1800000, Episodes: 732650, Avg Reward: -8.43, Avg Length: 0.0, Steps/sec: 724.5, Policy Loss: 24.4677, Value Loss: 4.0116
2025-09-17 15:32:01,928 - src.training.trainer - INFO - Timesteps: 758784/1800000, Episodes: 734137, Avg Reward: -8.43, Avg Length: 0.0, Steps/sec: 722.0, Policy Loss: 19.2730, Value Loss: 5.6823
2025-09-17 15:32:04,630 - src.training.trainer - INFO - Timesteps: 760320/1800000, Episodes: 735624, Avg Reward: -8.44, Avg Length: 0.0, Steps/sec: 707.3, Policy Loss: 10.3315, Value Loss: 4.7131
2025-09-17 15:32:07,272 - src.training.trainer - INFO - Timesteps: 761856/1800000, Episodes: 737111, Avg Reward: -8.43, Avg Length: 0.0, Steps/sec: 716.1, Policy Loss: 9.4073, Value Loss: 4.2647
2025-09-17 15:32:09,883 - src.training.trainer - INFO - Timesteps: 763392/1800000, Episodes: 738597, Avg Reward: -8.44, Avg Length: 0.0, Steps/sec: 728.7, Policy Loss: 15.7491, Value Loss: 3.4607
2025-09-17 15:32:12,506 - src.training.trainer - INFO - Timesteps: 764928/1800000, Episodes: 740083, Avg Reward: -8.43, Avg Length: 0.0, Steps/sec: 720.3, Policy Loss: 26.6995, Value Loss: 3.1691
2025-09-17 15:32:15,105 - src.training.trainer - INFO - Timesteps: 766464/1800000, Episodes: 741569, Avg Reward: -8.44, Avg Length: 0.0, Steps/sec: 722.8, Policy Loss: 34.6966, Value Loss: 1.7579
2025-09-17 15:32:17,695 - src.training.trainer - INFO - Timesteps: 768000/1800000, Episodes: 743055, Avg Reward: -8.44, Avg Length: 0.0, Steps/sec: 728.0, Policy Loss: 27.4066, Value Loss: 2.2363
2025-09-17 15:32:20,310 - src.training.trainer - INFO - Timesteps: 769536/1800000, Episodes: 744542, Avg Reward: -8.44, Avg Length: 0.0, Steps/sec: 722.4, Policy Loss: 28.0479, Value Loss: 2.4830
2025-09-17 15:32:22,919 - src.training.trainer - INFO - Timesteps: 771072/1800000, Episodes: 746028, Avg Reward: -8.44, Avg Length: 0.0, Steps/sec: 725.2, Policy Loss: 30.2533, Value Loss: 4.2473
2025-09-17 15:32:25,528 - src.training.trainer - INFO - Timesteps: 772608/1800000, Episodes: 747514, Avg Reward: -8.43, Avg Length: 0.0, Steps/sec: 728.6, Policy Loss: 33.0634, Value Loss: 6.0093
2025-09-17 15:32:28,132 - src.training.trainer - INFO - Timesteps: 774144/1800000, Episodes: 749000, Avg Reward: -8.45, Avg Length: 0.0, Steps/sec: 730.7, Policy Loss: 33.8216, Value Loss: 7.0878
2025-09-17 15:32:30,737 - src.training.trainer - INFO - Timesteps: 775680/1800000, Episodes: 750486, Avg Reward: -8.43, Avg Length: 0.0, Steps/sec: 722.2, Policy Loss: 33.7044, Value Loss: 10.2492
2025-09-17 15:32:33,438 - src.training.trainer - INFO - Timesteps: 777216/1800000, Episodes: 751972, Avg Reward: -8.44, Avg Length: 0.0, Steps/sec: 706.0, Policy Loss: 24.9765, Value Loss: 7.3885
2025-09-17 15:32:36,036 - src.training.trainer - INFO - Timesteps: 778752/1800000, Episodes: 753458, Avg Reward: -8.45, Avg Length: 0.0, Steps/sec: 721.5, Policy Loss: 36.0325, Value Loss: 7.2642
2025-09-17 15:32:38,622 - src.training.trainer - INFO - Timesteps: 780288/1800000, Episodes: 754944, Avg Reward: -8.44, Avg Length: 0.0, Steps/sec: 727.7, Policy Loss: 22.4263, Value Loss: 4.4135
2025-09-17 15:32:41,253 - src.training.trainer - INFO - Timesteps: 781824/1800000, Episodes: 756430, Avg Reward: -8.44, Avg Length: 0.0, Steps/sec: 721.5, Policy Loss: 38.3666, Value Loss: 2.7636
2025-09-17 15:32:43,856 - src.training.trainer - INFO - Timesteps: 783360/1800000, Episodes: 757916, Avg Reward: -8.45, Avg Length: 0.0, Steps/sec: 729.0, Policy Loss: 29.1738, Value Loss: 2.7478
2025-09-17 15:32:46,466 - src.training.trainer - INFO - Timesteps: 784896/1800000, Episodes: 759402, Avg Reward: -8.45, Avg Length: 0.0, Steps/sec: 729.0, Policy Loss: 21.1819, Value Loss: 1.6305
2025-09-17 15:32:49,093 - src.training.trainer - INFO - Timesteps: 786432/1800000, Episodes: 760888, Avg Reward: -8.45, Avg Length: 0.0, Steps/sec: 717.9, Policy Loss: 22.7142, Value Loss: 1.2206
2025-09-17 15:32:51,736 - src.training.trainer - INFO - Timesteps: 787968/1800000, Episodes: 762374, Avg Reward: -8.45, Avg Length: 0.0, Steps/sec: 725.8, Policy Loss: 17.4298, Value Loss: 0.9776
